Amino Acid Sequence,MHC -1A,MHC - 1B,MHC - 1C,MHC - 1D,MHC - 1E,MHC - 2A,MHC -2B ,MHC - 2C,MHC - 2D,MHC - 2E,B-cell : Discotope A,B-cell : Discotope B,B-cell : Discotope C,B-cell : Discotope D,B-cell : Discotope E,B-cell : Bepipred,Final Vaccine Sequence after linkers
">4R05_1|Chains A, B|Nonstructural protein NS5|Dengue virus 3 (11069)
GPLGSGTGSQGETLGEKWKKKLNQLSRKEFDLYKKSGITEVDRTEAKEGLKRGETTHHAVSRGSAKLQWFVERNMVIPEGRVIDLGCGRGGWSYYCAGLKKVTEVRGYTKGGPGHEEPVPMSTYGWNIVKLMSGKDVFYLPPEKCDTLLCDIGESSPSPTVEESRTIRVLKMVEPWLKNNQFCIKVLNPYMPTVIEHLERLQRKHGGMLVRNPLSRNSTHEMYWISNGTGNIVSSVNMVSRLLLNRFTMTHRRPTIEKDVDLGAGTR",G T G S Q G E T L,F D L Y K K S G I,K W K K K L N Q L,"D R T E A K E G L	",W F V E R N M V I,SGKDVFYLPPEKCDT,GKDVFYLPPEKCDTL,GKDVFYLPPEKCDT,SGKDVFYLPPEKCDTL,MSGKDVFYLPPEKCDT,PRO,GLY,GLY,GLN,PRO,GYTKGGPGHEEPVPMST-,RFPB-GPGPG-GTGSQGETLAAY-FDLYKKSGI-AAYKWKKKLNQL-AAYDRTEAKEGL-AAYWFVERNMVI-GPGPG-SGKDVFYLPPEKCDT-GPGPG-GKDVFYLPPEKCDTL-GPGPG-GKDVFYLPPEKCDT-GPGPG-SGKDVFYLPPEKCDTL-GPGPG-MSGKDVFYLPPEKCDT-KKPROKK-GLYKKGLYKKGLNKKPROKK-GYTKGGPGHEEPVPMSTRFPB
,,,,,,,,,,,,,,,,,
">4R05_1|Chains A, B|Nonstructural protein NS5|Dengue virus 3 (11069)
GPLGSGTGSQGETLGEKWKKKLNQLSRKEFDLYKKSGITEVDRTEAKEGLKRGETTHHAVSRGSAKLQWFVERNMVIPEGRVIDLGCGRGGWSYYCAGLKKVTEVRGYTKGGPGHEEPVPMSTYGWNIVKLMSGKDVFYLPPEKCDTLLCDIGESSPSPTVEESRTIRVLKMVEPWLKNNQFCIKVLNPYMPTVIEHLERLQRKHGGMLVRNPLSRNSTHEMYWISNGTGNIVSSVNMVSRLLLNRFTMTHRRPTIEKDVDLGAGTR",T Y G W N I V K L,L P P E K C D T L,A G L K K V T E V,M S G K D V F Y L,P T V E E S R T I,MSGKDVFYLPPEKCDTL,GKDVFYLPPEKCDTLL,GKDVFYLPPEKCD,SGKDVFYLPPEKCDTLL,SGKDVFYLPPEKCD,ARG,ARG,ARG,ASN,LYS,DVFYLPPE,RFPB-GPGPG-TYGWNIVKLAAY-LPPEKCDTL-AAYAGLKKVTEV-AAYMSGKDVFYL-AAYPTVEESRTI-GPGPG-MSGKDVFYLPPEKCDTL-GPGPG-GKDVFYLPPEKCDTLL-GPGPG-GKDVFYLPPEKCD-GPGPG-SGKDVFYLPPEKCDTLL-GPGPG-SGKDVFYLPPEKCD-KKARGKKARGKKARGKKASNKKLYSKK-DVFYLPPERFPB
,,,,,,,,,,,,,,,,,
">4R05_1|Chains A, B|Nonstructural protein NS5|Dengue virus 3 (11069)
GPLGSGTGSQGETLGEKWKKKLNQLSRKEFDLYKKSGITEVDRTEAKEGLKRGETTHHAVSRGSAKLQWFVERNMVIPEGRVIDLGCGRGGWSYYCAGLKKVTEVRGYTKGGPGHEEPVPMSTYGWNIVKLMSGKDVFYLPPEKCDTLLCDIGESSPSPTVEESRTIRVLKMVEPWLKNNQFCIKVLNPYMPTVIEHLERLQRKHGGMLVRNPLSRNSTHEMYWISNGTGNIVSSVNMVSRLLLNRFTMTHRRPTIEKDVDLGAGTR","R L L L N R F T M	",Y M P T V I E H L,T V I E H L E R L,S S V N M V S R L,V S S V N M V S R,MSGKDVFYLPPEKCD,LMSGKDVFYLPPEKCDT,SGKDVFYLPPEKCDT,GKDVFYLPPEKCDTL,KDVFYLPPEKCDT,LYS,LYS,GLY,HIS,SER,TMTHRRPTIEKDVDLGA,RFPB-GPGPG-RLLLNRFTM-AAYYMPTVIEHL-AAYTVIEHLERL-AAYSSVNMVSRL-AAYVSSVNMVSR-GPGPG-MSGKDVFYLPPEKCD-GPGPG-LMSGKDVFYLPPEKCDT-GPGPG-SGKDVFYLPPEKCD-GPGPG-GKDVFYLPPEKCDTL-GPGPG-KDVFYLPPEKCDT-KKLYSKKLYSKKGLYKKHISKKSERKK-TMTHRRPTIEKDVDLGARFPB
,,,,,,,,,,,,,,,,,
">8BCR_1|Chains A, B|Genome polyprotein|Dengue virus type 3 (11069)
GTGSQGETLGEKWKKKLNQLSRKEFDLYKKSGITEVDRTEAKEGLKRGETTHHAVSRGSAKLQWFVERNMVIPEGRVIDLGCGRGGWSYYCAGLKKVTEVRGYTKGGPGHEEPVPMSTYGWNIVKLMSGKDVFYLPPEKCDTLLCDIGESSPSPTVEESRTIRVLKMVEPWLKNNQFCIKVLNPYMPTVIEHLERLQRKHGGMLVRNPLSRNSTHEMYWISNGTGNIVSSVNMVSRLLLNRFTMTHRRPTIEKDVDLGAGTRHVNAEPETPNMDVI",G T G S Q G E T L,"F D L Y K K S G I	",K W K K K L N Q L,"D R T E A K E G L	",W F V E R N M V I,YYCAGLKKVTEVRGYTKG,YYCAGLKKVTEVRGYTK,YYCAGLKKVTEVRGYT,YYCAGLKKVTEVRGY,YYCAGLKKVTEVRG,PRO,GLY,GLY,GLN,LYS,WFVERNMVI,RFPB-GPGPG-GTGSQGETLAAY-FDLYKKSGI-AAYKWKKKLNQ-LAAYDRTEAKEGL-AAYWFVERNMVI-GPGPG-YYCAGLKKVTEVRGYTKG-GPGPG-YYCAGLKKVTEVRGYTK-GPGPG-YYCAGLKKVTEVRGYT-GPGPG-YYCAGLKKVTEVRGY-GPGPG-YYCAGLKKVTEVRG-KKPROKKGLYKKGLYKKGLNKKLYSKK-WFVERNMVIRFPB
,,,,,,,,,,,,,,,,,
">8BCR_1|Chains A, B|Genome polyprotein|Dengue virus type 3 (11069)
GTGSQGETLGEKWKKKLNQLSRKEFDLYKKSGITEVDRTEAKEGLKRGETTHHAVSRGSAKLQWFVERNMVIPEGRVIDLGCGRGGWSYYCAGLKKVTEVRGYTKGGPGHEEPVPMSTYGWNIVKLMSGKDVFYLPPEKCDTLLCDIGESSPSPTVEESRTIRVLKMVEPWLKNNQFCIKVLNPYMPTVIEHLERLQRKHGGMLVRNPLSRNSTHEMYWISNGTGNIVSSVNMVSRLLLNRFTMTHRRPTIEKDVDLGAGTRHVNAEPETPNMDVI","T Y G W N I V K L	",L P P E K C D T L,W L K N N Q F C I, M S G K D V F Y L,P T V E E S R T I,YYCAGLKKVTEVR,YWISNGTGNIVSSVNMVS,YWISNGTGNIVSSVNMV,YWISNGTGNIVSSVNM,YWISNGTGNIVSSVN,GLY,PRO,LYS,ARG,ARG,GYTKGGPGHEEPVPMST,RFPB-GPGPG-TYGWNIVKLAAY-LPPEKCDTL-AAYWLKNNQFCI-AAYMSGKDVFY-LAAYPTVEESRTI-GPGPG-YYCAGLKKVTEVR-GPGPG-YWISNGTGNIVSSVNMVS-GPGPG-YWISNGTGNIVSSVNMV-GPGPG-YWISNGTGNIVSSVNM-GPGPG-YWISNGTGNIVSSVN-KKGLYKKPROKKLYSKKARGKKARGKK-GYTKGGPGHEEPVPMSTRFPB
,,,,,,,,,,,,,,,,,
">8BCR_1|Chains A, B|Genome polyprotein|Dengue virus type 3 (11069)
GTGSQGETLGEKWKKKLNQLSRKEFDLYKKSGITEVDRTEAKEGLKRGETTHHAVSRGSAKLQWFVERNMVIPEGRVIDLGCGRGGWSYYCAGLKKVTEVRGYTKGGPGHEEPVPMSTYGWNIVKLMSGKDVFYLPPEKCDTLLCDIGESSPSPTVEESRTIRVLKMVEPWLKNNQFCIKVLNPYMPTVIEHLERLQRKHGGMLVRNPLSRNSTHEMYWISNGTGNIVSSVNMVSRLLLNRFTMTHRRPTIEKDVDLGAGTRHVNAEPETPNMDVI",R L L L N R F T M,P E T P N M D V I,S S V N M V S R L,V S S V N M V S R,T R H V N A E P E,YWISNGTGNIVSSV,YWISNGTGNIVSS,YTKGGPGHEEPVPMSTYG,YTKGGPGHEEPVPMSTY,YTKGGPGHEEPVPMST,LYS,ARG,SER,LYS,LYS,GYTKGGPGHEEPVPMST,RFPB-GPGPG-RLLLNRFTMAAY-PETPNMDVI-AAYSSVNMVSR-LAAYVSSVNMVSR-AAYTRHVNAEPE-GPGPG-YWISNGTGNIVSSV-GPGPG-YWISNGTGNIVSS-GPGPG-YTKGGPGHEEPVPMSTYG-GPGPG-YTKGGPGHEEPVPMSTY-GPGPG-YTKGGPGHEEPVPMST-KKLYSKKARGKKSERKKLYSKKLYSKK-GYTKGGPGHEEPVPMSTRFPB
,,,,,,,,,,,,,,,,,
">3C5X_1|Chain A|Envelope protein E|Dengue virus 2 Thailand/16681/84 (31634)
GENLYFQGMRCIGMSNRDFVEGVSGGSWVDIVLEHGSCVTTMAKNKPTLDFELIKTEAKQPATLRKYCIEAKLTNTTTESRCPTQGEPSLNEEQDKRFVCKHSMVDRGWGNGCGLFGKGGIVTCAMFRCKKNMEGKVVQPENLEYTIVITPHSGEEHAVGNDTGKHGKEIKITPQSSITEAELTGYGTVTMECSPRTGLDFNEMVLLQMENKAWLVHRQWFLDLPLPWLPGADTQGSNWIQKETLVTFKNPHAKKQDVVVLGSQEGAMHTALTGATEIQMSSGNLLFTGHLKCRLRMDKLQLKGMSYSMCTGKFKVVKEIAETQHGTIVIRVQYEGDGSPCKIPFEIMDLEKRHVLGRLITVNPIVTEKDSPVNIEAEPPFGDSYIIIGVEPGQLKLNWFKK
>3C5X_2|Chain B[auth C]|prM|Dengue virus 2 (11060)
FHLTTRNGEPHMIVSRQEKGKSLLFKTEDGVNMCTLMAMDLGELCEDTITYKCPLLRQNEPEDIDCWCNSTSTWVTYGTCTTMGEHSTEKSSVALVPHVGMGLETRTETWMSSEGAWKHVQRIETWILRH","T M A K N K P T L	",I G M S N R D F V,A K L T N T T T E,N K P T L D F E L,V S G G S W V D I,KQDVVVLGSQEGAMH,NLEYTIVITPHSGEE,GDSYIIIGVEPGQLK,ENLEYTIVITPHSGE,"KKQDVVVLGSQEGAM	",GLY,HIS,ASN,LYS,GLN,SNRDFVEGVSG,RFPB-GPGPG-TMAKNKPTLAAY-IGMSNRDFV-AAYAKLTNTTTE-AAYNKPTLDFEL-AAYVSGGSWVDI-GPGPG-KQDVVVLGSQEGAMH-GPGPG-NLEYTIVITPHSGEE-GPGPG-GDSYIIIGVEPGQLK-GPGPG-ENLEYTIVITPHSGE-GPGPG-KKQDVVVLGSQEGAM-KKGLYKKHISKKASNKKLYSKKGLNKK-SNRDFVEGVSGRFPB
,,,,,,,,,,,,,,,,,
">3C5X_1|Chain A|Envelope protein E|Dengue virus 2 Thailand/16681/84 (31634)
GENLYFQGMRCIGMSNRDFVEGVSGGSWVDIVLEHGSCVTTMAKNKPTLDFELIKTEAKQPATLRKYCIEAKLTNTTTESRCPTQGEPSLNEEQDKRFVCKHSMVDRGWGNGCGLFGKGGIVTCAMFRCKKNMEGKVVQPENLEYTIVITPHSGEEHAVGNDTGKHGKEIKITPQSSITEAELTGYGTVTMECSPRTGLDFNEMVLLQMENKAWLVHRQWFLDLPLPWLPGADTQGSNWIQKETLVTFKNPHAKKQDVVVLGSQEGAMHTALTGATEIQMSSGNLLFTGHLKCRLRMDKLQLKGMSYSMCTGKFKVVKEIAETQHGTIVIRVQYEGDGSPCKIPFEIMDLEKRHVLGRLITVNPIVTEKDSPVNIEAEPPFGDSYIIIGVEPGQLKLNWFKK
>3C5X_2|Chain B[auth C]|prM|Dengue virus 2 (11060)
FHLTTRNGEPHMIVSRQEKGKSLLFKTEDGVNMCTLMAMDLGELCEDTITYKCPLLRQNEPEDIDCWCNSTSTWVTYGTCTTMGEHSTEKSSVALVPHVGMGLETRTETWMSSEGAWKHVQRIETWILRH","V Q P E N L E Y T	",R G W G N G C G L,H A V G N D T G K,G K V V Q P E N L,"A M F R C K K N M	",ATEIQMSSGNLLFTG,FGDSYIIIGVEPGQL,AKKQDVVVLGSQEGA,PFGDSYIIIGVEPGQ,KETLVTFKNPHAKKQ,HIS,LYS,GLN,THR,ARG,KTEAKQPAT,RFPB-GPGPG-VQPENLEYTAAY-RGWGNGCGL-AAYHAVGNDTGK-AAYGKVVQPEN-LAAYAMFRCKKNM-GPGPG-ATEIQMSSGNLLFTG-GPGPG-FGDSYIIIGVEPGQL-GPGPG-AKKQDVVVLGSQEGA-GPGPG-PFGDSYIIIGVEPGQ-GPGPG-KETLVTFKNPHAKKQ-KKHISKKLYSKKGLNKKTHRKKARGKK-KTEAKQPATRFPB
,,,,,,,,,,,,,,,,,
">3C5X_1|Chain A|Envelope protein E|Dengue virus 2 Thailand/16681/84 (31634)
GENLYFQGMRCIGMSNRDFVEGVSGGSWVDIVLEHGSCVTTMAKNKPTLDFELIKTEAKQPATLRKYCIEAKLTNTTTESRCPTQGEPSLNEEQDKRFVCKHSMVDRGWGNGCGLFGKGGIVTCAMFRCKKNMEGKVVQPENLEYTIVITPHSGEEHAVGNDTGKHGKEIKITPQSSITEAELTGYGTVTMECSPRTGLDFNEMVLLQMENKAWLVHRQWFLDLPLPWLPGADTQGSNWIQKETLVTFKNPHAKKQDVVVLGSQEGAMHTALTGATEIQMSSGNLLFTGHLKCRLRMDKLQLKGMSYSMCTGKFKVVKEIAETQHGTIVIRVQYEGDGSPCKIPFEIMDLEKRHVLGRLITVNPIVTEKDSPVNIEAEPPFGDSYIIIGVEPGQLKLNWFKK
>3C5X_2|Chain B[auth C]|prM|Dengue virus 2 (11060)
FHLTTRNGEPHMIVSRQEKGKSLLFKTEDGVNMCTLMAMDLGELCEDTITYKCPLLRQNEPEDIDCWCNSTSTWVTYGTCTTMGEHSTEKSSVALVPHVGMGLETRTETWMSSEGAWKHVQRIETWILRH",E D G V N M C T L,D G V N M C T L M,L M A M D L G E L,S R Q E K G K S L,L G E L C E D T I,LEYTIVITPHSGEEH,GATEIQMSSGNLLFT,"PENLEYTIVITPHSG	",DSYIIIGVEPGQLKL,VNPIVTEKDSPVNIE,GLY,GLU,SER,HIS,PHE,SGEEHAVGNDTGKHG,RFPB-GPGPG-EDGVNMCTLAAY-DGVNMCTLM-AAYLMAMDLGEL-AAYSRQEKGKSL-AAYLGELCEDTI-GPGPG-LEYTIVITPHSGEEH-GPGPG-GATEIQMSSGNLLFT-GPGPG-PENLEYTIVITPHSG-GPGPG-DSYIIIGVEPGQLKL-GPGPG-VNPIVTEKDSPVNIE-KKGLYKKGLUKKSERKKHISKKPHEKK-SGEEHAVGNDTGKHGRFPB
,,,,,,,,,,,,,,,,,
">3C5X_1|Chain A|Envelope protein E|Dengue virus 2 Thailand/16681/84 (31634)
GENLYFQGMRCIGMSNRDFVEGVSGGSWVDIVLEHGSCVTTMAKNKPTLDFELIKTEAKQPATLRKYCIEAKLTNTTTESRCPTQGEPSLNEEQDKRFVCKHSMVDRGWGNGCGLFGKGGIVTCAMFRCKKNMEGKVVQPENLEYTIVITPHSGEEHAVGNDTGKHGKEIKITPQSSITEAELTGYGTVTMECSPRTGLDFNEMVLLQMENKAWLVHRQWFLDLPLPWLPGADTQGSNWIQKETLVTFKNPHAKKQDVVVLGSQEGAMHTALTGATEIQMSSGNLLFTGHLKCRLRMDKLQLKGMSYSMCTGKFKVVKEIAETQHGTIVIRVQYEGDGSPCKIPFEIMDLEKRHVLGRLITVNPIVTEKDSPVNIEAEPPFGDSYIIIGVEPGQLKLNWFKK
>3C5X_2|Chain B[auth C]|prM|Dengue virus 2 (11060)
FHLTTRNGEPHMIVSRQEKGKSLLFKTEDGVNMCTLMAMDLGELCEDTITYKCPLLRQNEPEDIDCWCNSTSTWVTYGTCTTMGEHSTEKSSVALVPHVGMGLETRTETWMSSEGAWKHVQRIETWILRH",V A L V P H V G M,G A W K H V Q R I,"L V P H V G M G L	",L E T R T E T W M,"H V Q R I E T W I	",QDVVVLGSQEGAMHT,QKETLVTFKNPHAKK,TEIQMSSGNLLFTGH,TVNPIVTEKDSPVNI,TGATEIQMSSGNLLF,GLU,GLU,ASN,SER,LYS,SITEA,RFPB-GPGPG-VALVPHVGMAAY-GAWKHVQRI-AAYLVPHVGMGL-AAYLETRTETWM-AAYHVQRIETWI-GPGPG-QDVVVLGSQEGAMHT-GPGPG-QKETLVTFKNPHAKK-GPGPG-TEIQMSSGNLLFTGH-GPGPG-TVNPIVTEKDSPVNI-GPGPG-TGATEIQMSSGNLLF-KKGLUKKGLUKKASNKKSERKKLYSKK-SITEARFPB
,,,,,,,,,,,,,,,,,
">3C5X_1|Chain A|Envelope protein E|Dengue virus 2 Thailand/16681/84 (31634)
GENLYFQGMRCIGMSNRDFVEGVSGGSWVDIVLEHGSCVTTMAKNKPTLDFELIKTEAKQPATLRKYCIEAKLTNTTTESRCPTQGEPSLNEEQDKRFVCKHSMVDRGWGNGCGLFGKGGIVTCAMFRCKKNMEGKVVQPENLEYTIVITPHSGEEHAVGNDTGKHGKEIKITPQSSITEAELTGYGTVTMECSPRTGLDFNEMVLLQMENKAWLVHRQWFLDLPLPWLPGADTQGSNWIQKETLVTFKNPHAKKQDVVVLGSQEGAMHTALTGATEIQMSSGNLLFTGHLKCRLRMDKLQLKGMSYSMCTGKFKVVKEIAETQHGTIVIRVQYEGDGSPCKIPFEIMDLEKRHVLGRLITVNPIVTEKDSPVNIEAEPPFGDSYIIIGVEPGQLKLNWFKK
>3C5X_2|Chain B[auth C]|prM|Dengue virus 2 (11060)
FHLTTRNGEPHMIVSRQEKGKSLLFKTEDGVNMCTLMAMDLGELCEDTITYKCPLLRQNEPEDIDCWCNSTSTWVTYGTCTTMGEHSTEKSSVALVPHVGMGLETRTETWMSSEGAWKHVQRIETWILRH",T A L T G A T E I,S N W I Q K E T L,A W L V H R Q W F,"I Q K E T L V T F	",M S S G N L L F T,TLDFELIKTEAKQPA,ETLVTFKNPHAKKQD,LGRLITVNPIVTEKD,IQKETLVTFKNPHAK,TGKFKVVKEIAETQH,SER,LYS,GLY,GLN,ASN,FLDLPLPWLPGADTQGSNWIQKE,RFPB-GPGPG-TALTGATEIAAY-SNWIQKETL-AAYAWLVHRQWF-AAYIQKETLVTF-AAYMSSGNLLFT-GPGPG-TLDFELIKTEAKQPA-GPGPG-ETLVTFKNPHAKKQD-GPGPG-LGRLITVNPIVTEKD-GPGPG-IQKETLVTFKNPHAK-GPGPG-TGKFKVVKEIAETQH-KKSERKKLYSKKGLYKKGLNKKASNKK-FLDLPLPWLPGADTQGSNWIQKERFPB
,,,,,,,,,,,,,,,,,
">3C5X_1|Chain A|Envelope protein E|Dengue virus 2 Thailand/16681/84 (31634)
GENLYFQGMRCIGMSNRDFVEGVSGGSWVDIVLEHGSCVTTMAKNKPTLDFELIKTEAKQPATLRKYCIEAKLTNTTTESRCPTQGEPSLNEEQDKRFVCKHSMVDRGWGNGCGLFGKGGIVTCAMFRCKKNMEGKVVQPENLEYTIVITPHSGEEHAVGNDTGKHGKEIKITPQSSITEAELTGYGTVTMECSPRTGLDFNEMVLLQMENKAWLVHRQWFLDLPLPWLPGADTQGSNWIQKETLVTFKNPHAKKQDVVVLGSQEGAMHTALTGATEIQMSSGNLLFTGHLKCRLRMDKLQLKGMSYSMCTGKFKVVKEIAETQHGTIVIRVQYEGDGSPCKIPFEIMDLEKRHVLGRLITVNPIVTEKDSPVNIEAEPPFGDSYIIIGVEPGQLKLNWFKK
>3C5X_2|Chain B[auth C]|prM|Dengue virus 2 (11060)
FHLTTRNGEPHMIVSRQEKGKSLLFKTEDGVNMCTLMAMDLGELCEDTITYKCPLLRQNEPEDIDCWCNSTSTWVTYGTCTTMGEHSTEKSSVALVPHVGMGLETRTETWMSSEGAWKHVQRIETWILRH",D S P V N I E A E,I A E T Q H G T I,S P C K I P F E I,E P P F G D S Y I,M D L E K R H V L,SYIIIGVEPGQLKLN,KFKVVKEIAETQHGT,PTLDFELIKTEAKQP,NPIVTEKDSPVNIEA,ITVNPIVTEKDSPVN,GLN,GLU,PHE,LYS,GLY,TGKFKVVKEIAETQH,RFPB-GPGPG-DSPVNIEAEAAY-IAETQHGTI-AAYSPCKIPFEI-AAYEPPFGDSYI-AAYMDLEKRHVL-GPGPG-SYIIIGVEPGQLKLN-GPGPG-KFKVVKEIAETQHGT-GPGPG-PTLDFELIKTEAKQP-GPGPG-NPIVTEKDSPVNIEA-GPGPG-ITVNPIVTEKDSPVN-KKGLNKKGLUKKPHEKKLYSKKGLYKK-TGKFKVVKEIAETQHRFPB
,,,,,,,,,,,,,,,,,
">3C6R_1|Chains A, C[auth B], E[auth C]|Envelope protein|Dengue virus type 2 (11068)
MRCIGISNRDFVEGVSGGSWVDIVLEHGSCVTTMAKNKPTLDFELIKTEAKQPATLRKYCIEAKLTNTTTESRCPTQGEPSLNEEQDKRFVCKHSMVDRGWGNGCGLFGKGGIVTCAMFRCKKNMEGKVVQPENLEYTVVITPHSGEEHAVGNDTGKHGKEVKITPQSSITEAELTGYGTVTMECSPRTGLDFNEMVLLQMENKAWLVHRQWFLDLPLPWLPGADTQGSNWIQKETLVTFKNPHAKKQDVVVLGSQEGAMHTALTGATEIQMSSGNLLFTGHLKCRLRMDKLQLKGMSYSMCTGKFKVVKEIAETQHGTIVIRVQYEGDGSPCKIPFEIMDLEKRHVLGRLITVNPIVTEKDSPVNIEAEPPFGDSYIIIGVEPGQLKLDWFKKG
>3C6R_2|Chains B[auth D], D[auth E], F|Peptide pr|Dengue virus type 2 (11068)
FHLTTRNGEPHMIVSRQEKGKSLLFKTEDGVNMCTLMAMDLGELCEDTLTYKCPLLRQNEPEDIDCWCNSTSTWVTYGTCT",E D G V N M C T L,D G V N M C T L M,L M A M D L G E L,"S R Q E K G K S L	","L G E L C E D T L	",KQDVVVLGSQEGAMH,GDSYIIIGVEPGQLK,NLEYTVVITPHSGEE,KKQDVVVLGSQEGAMH,FGDSYIIIGVEPGQLK,GLY,ASN,THR,GLN,LYS,KTEAKQPAT,RFPB-GPGPG-EDGVNMCTLAAY-DGVNMCTLM-AAYLMAMDLGEL-AAYSRQEKGKSL-AAYLGELCEDTL-GPGPG-KQDVVVLGSQEGAMH-GPGPG-GDSYIIIGVEPGQLK-GPGPG-NLEYTVVITPHSGEE-GPGPG-KKQDVVVLGSQEGAMH-GPGPG-FGDSYIIIGVEPGQLK-KKGLYKKASNKKTHRKKGLNKKLYSKK-KTEAKQPATRFPB
,,,,,,,,,,,,,,,,,
">3C6R_1|Chains A, C[auth B], E[auth C]|Envelope protein|Dengue virus type 2 (11068)
MRCIGISNRDFVEGVSGGSWVDIVLEHGSCVTTMAKNKPTLDFELIKTEAKQPATLRKYCIEAKLTNTTTESRCPTQGEPSLNEEQDKRFVCKHSMVDRGWGNGCGLFGKGGIVTCAMFRCKKNMEGKVVQPENLEYTVVITPHSGEEHAVGNDTGKHGKEVKITPQSSITEAELTGYGTVTMECSPRTGLDFNEMVLLQMENKAWLVHRQWFLDLPLPWLPGADTQGSNWIQKETLVTFKNPHAKKQDVVVLGSQEGAMHTALTGATEIQMSSGNLLFTGHLKCRLRMDKLQLKGMSYSMCTGKFKVVKEIAETQHGTIVIRVQYEGDGSPCKIPFEIMDLEKRHVLGRLITVNPIVTEKDSPVNIEAEPPFGDSYIIIGVEPGQLKLDWFKKG
>3C6R_2|Chains B[auth D], D[auth E], F|Peptide pr|Dengue virus type 2 (11068)
FHLTTRNGEPHMIVSRQEKGKSLLFKTEDGVNMCTLMAMDLGELCEDTLTYKCPLLRQNEPEDIDCWCNSTSTWVTYGTCT",T M A K N K P T L,I G I S N R D F V,A K L T N T T T E,N K P T L D F E L,"V S G G S W V D I	",ENLEYTVVITPHSGEE,KKQDVVVLGSQEGAM,KQDVVVLGSQEGAM,NLEYTVVITPHSGE,KQDVVVLGSQEGAMHT,GLN,GLU,ASP,THR,SER,SGEEHAVGNDTGKH,RFPB-GPGPG-TMAKNKPTLAAY-IGISNRDFV-AAYAKLTNTTTE-AAYNKPTLDFEL-AAYVSGGSWVDI-GPGPG-ENLEYTVVITPHSGEE-GPGPG-KKQDVVVLGSQEGAM-GPGPG-KQDVVVLGSQEGAM-GPGPG-NLEYTVVITPHSGE-GPGPG-KQDVVVLGSQEGAMHT-KKGLNKKGLUKKASPKKTHRKKSERKK-SGEEHAVGNDTGKHRFPB
,,,,,,,,,,,,,,,,,
">3C6R_1|Chains A, C[auth B], E[auth C]|Envelope protein|Dengue virus type 2 (11068)
MRCIGISNRDFVEGVSGGSWVDIVLEHGSCVTTMAKNKPTLDFELIKTEAKQPATLRKYCIEAKLTNTTTESRCPTQGEPSLNEEQDKRFVCKHSMVDRGWGNGCGLFGKGGIVTCAMFRCKKNMEGKVVQPENLEYTVVITPHSGEEHAVGNDTGKHGKEVKITPQSSITEAELTGYGTVTMECSPRTGLDFNEMVLLQMENKAWLVHRQWFLDLPLPWLPGADTQGSNWIQKETLVTFKNPHAKKQDVVVLGSQEGAMHTALTGATEIQMSSGNLLFTGHLKCRLRMDKLQLKGMSYSMCTGKFKVVKEIAETQHGTIVIRVQYEGDGSPCKIPFEIMDLEKRHVLGRLITVNPIVTEKDSPVNIEAEPPFGDSYIIIGVEPGQLKLDWFKKG
>3C6R_2|Chains B[auth D], D[auth E], F|Peptide pr|Dengue virus type 2 (11068)
FHLTTRNGEPHMIVSRQEKGKSLLFKTEDGVNMCTLMAMDLGELCEDTLTYKCPLLRQNEPEDIDCWCNSTSTWVTYGTCT", V Q P E N L E Y T,R G W G N G C G L,H A V G N D T G K,"G K V V Q P E N L	",V K I T P Q S S I,AKKQDVVVLGSQEGAMH,ENLEYTVVITPHSGE,PFGDSYIIIGVEPGQLK,GDSYIIIGVEPGQLKL,PENLEYTVVITPHSGEE,LYS,GLY,ARG,ASP,SER,QSSITEA,RFPB-GPGPG-VQPENLEYTAAY-RGWGNGCGL-AAYHAVGNDTGK-AAYGKVVQPENL-AAYVKITPQSSI-GPGPG-AKKQDVVVLGSQEGAMH-GPGPG-ENLEYTVVITPHSGE-GPGPG-PFGDSYIIIGVEPGQLK-GPGPG-GDSYIIIGVEPGQLKL-GPGPG-PENLEYTVVITPHSGEE-KKLYSKKGLYKKARGKKASPKKSERKK-QSSITEARFPB
,,,,,,,,,,,,,,,,,
">3C6R_1|Chains A, C[auth B], E[auth C]|Envelope protein|Dengue virus type 2 (11068)
MRCIGISNRDFVEGVSGGSWVDIVLEHGSCVTTMAKNKPTLDFELIKTEAKQPATLRKYCIEAKLTNTTTESRCPTQGEPSLNEEQDKRFVCKHSMVDRGWGNGCGLFGKGGIVTCAMFRCKKNMEGKVVQPENLEYTVVITPHSGEEHAVGNDTGKHGKEVKITPQSSITEAELTGYGTVTMECSPRTGLDFNEMVLLQMENKAWLVHRQWFLDLPLPWLPGADTQGSNWIQKETLVTFKNPHAKKQDVVVLGSQEGAMHTALTGATEIQMSSGNLLFTGHLKCRLRMDKLQLKGMSYSMCTGKFKVVKEIAETQHGTIVIRVQYEGDGSPCKIPFEIMDLEKRHVLGRLITVNPIVTEKDSPVNIEAEPPFGDSYIIIGVEPGQLKLDWFKKG
>3C6R_2|Chains B[auth D], D[auth E], F|Peptide pr|Dengue virus type 2 (11068)
FHLTTRNGEPHMIVSRQEKGKSLLFKTEDGVNMCTLMAMDLGELCEDTLTYKCPLLRQNEPEDIDCWCNSTSTWVTYGTCT",L Q M E N K A W L,T A L T G A T E I," G L D F N E M V L	",S N W I Q K E T L,A W L V H R Q W F,NLEYTVVITPHSGEEH,KKQDVVVLGSQEGAMHT,GDSYIIIGVEPGQL,ATEIQMSSGNLLFTG,FGDSYIIIGVEPGQLKL,GLN,GLY,ASN,PHE,LYS,TGKFKVVKEIAETQH,RFPB-GPGPG-LQMENKAWLAAY-TALTGATEI-AAYGLDFNEMVL-AAYSNWIQKETL-AAYAWLVHRQWF-GPGPG-NLEYTVVITPHSGEEH-GPGPG-KKQDVVVLGSQEGAMHT-GPGPG-GDSYIIIGVEPGQL-GPGPG-ATEIQMSSGNLLFTG-GPGPG-FGDSYIIIGVEPGQLKL-KKGLNKKGLYKKASNKKPHEKKLYSKK-TGKFKVVKEIAETQHRFPB
,,,,,,,,,,,,,,,,,
">3C6R_1|Chains A, C[auth B], E[auth C]|Envelope protein|Dengue virus type 2 (11068)
MRCIGISNRDFVEGVSGGSWVDIVLEHGSCVTTMAKNKPTLDFELIKTEAKQPATLRKYCIEAKLTNTTTESRCPTQGEPSLNEEQDKRFVCKHSMVDRGWGNGCGLFGKGGIVTCAMFRCKKNMEGKVVQPENLEYTVVITPHSGEEHAVGNDTGKHGKEVKITPQSSITEAELTGYGTVTMECSPRTGLDFNEMVLLQMENKAWLVHRQWFLDLPLPWLPGADTQGSNWIQKETLVTFKNPHAKKQDVVVLGSQEGAMHTALTGATEIQMSSGNLLFTGHLKCRLRMDKLQLKGMSYSMCTGKFKVVKEIAETQHGTIVIRVQYEGDGSPCKIPFEIMDLEKRHVLGRLITVNPIVTEKDSPVNIEAEPPFGDSYIIIGVEPGQLKLDWFKKG
>3C6R_2|Chains B[auth D], D[auth E], F|Peptide pr|Dengue virus type 2 (11068)
FHLTTRNGEPHMIVSRQEKGKSLLFKTEDGVNMCTLMAMDLGELCEDTLTYKCPLLRQNEPEDIDCWCNSTSTWVTYGTCT",I A E T Q H G T I,S P C K I P F E I,F T G H L K C R L,G H L K C R L R M,M D L E K R H V L,ENLEYTVVITPHSGEEH,KQDVVVLGSQEGA,FGDSYIIIGVEPGQL,GDSYIIIGVEPGQ,KKQDVVVLGSQEGA,LYS,LYS,GLY,GLN,ALA,SPCKIPFEIMDLEKR,RFPB-GPGPG-IAETQHGTIAAY-SPCKIPFEI-AAYFTGHLKCRL-AAYGHLKCRLRM-AAYMDLEKRHVL-GPGPG-ENLEYTVVITPHSGEEH-GPGPG-KQDVVVLGSQEGA-GPGPG-FGDSYIIIGVEPGQL-GPGPG-GDSYIIIGVEPGQ-GPGPG-KKQDVVVLGSQEGA-KKLYSKKLYSKKGLYKKGLNKKALAKK-SPCKIPFEIMDLEKRRFPB
,,,,,,,,,,,,,,,,,
">3C6R_1|Chains A, C[auth B], E[auth C]|Envelope protein|Dengue virus type 2 (11068)
MRCIGISNRDFVEGVSGGSWVDIVLEHGSCVTTMAKNKPTLDFELIKTEAKQPATLRKYCIEAKLTNTTTESRCPTQGEPSLNEEQDKRFVCKHSMVDRGWGNGCGLFGKGGIVTCAMFRCKKNMEGKVVQPENLEYTVVITPHSGEEHAVGNDTGKHGKEVKITPQSSITEAELTGYGTVTMECSPRTGLDFNEMVLLQMENKAWLVHRQWFLDLPLPWLPGADTQGSNWIQKETLVTFKNPHAKKQDVVVLGSQEGAMHTALTGATEIQMSSGNLLFTGHLKCRLRMDKLQLKGMSYSMCTGKFKVVKEIAETQHGTIVIRVQYEGDGSPCKIPFEIMDLEKRHVLGRLITVNPIVTEKDSPVNIEAEPPFGDSYIIIGVEPGQLKLDWFKKG
>3C6R_2|Chains B[auth D], D[auth E], F|Peptide pr|Dengue virus type 2 (11068)
FHLTTRNGEPHMIVSRQEKGKSLLFKTEDGVNMCTLMAMDLGELCEDTLTYKCPLLRQNEPEDIDCWCNSTSTWVTYGTCT",E P P F G D S Y I,P G Q L K L D W F,I I G V E P G Q L, P F G D S Y I I I,A E P P F G D S Y,GATEIQMSSGNLLFTG,FGDSYIIIGVEPGQ,AKKQDVVVLGSQEGAM,AKKQDVVVLGSQEGA,PENLEYTVVITPHSGE,GLN,LEU,ASN,SER,GLU,LRQNEPED,RFPB-GPGPG-EPPFGDSYIAAY-PGQLKLDWF-AAYIIGVEPGQL-AAYPFGDSYIII-AAYAEPPFGDSY-GPGPG-GATEIQMSSGNLLFTG-GPGPG-FGDSYIIIGVEPGQ-GPGPG-AKKQDVVVLGSQEGAM-GPGPG-AKKQDVVVLGSQEGA-GPGPG-PENLEYTVVITPHSGE-KKGLNKKLEUKKASNKKSERKKGLUKK-LRQNEPEDRFPB
,,,,,,,,,,,,,,,,,
">4B03_1|Chains A, B, C|DENGUE VIRUS 1 E PROTEIN|DENGUE VIRUS 1 (11053)
MRCVGISNRDFVEGLSATGWVDVVLEHGSCVTTMAKDKPTLDIELLKTEVTNPAILRKLCIEAKISNTTTDSRCPTQGEATLVEEQDTNFVCRRTFVDRGWGNGCGLFGKGSLITCAKFKCVTKLEGKIVQYENLKYSVIVTVHTGDQHQVGNETTEHGTTATITPQAPTSEIQLTDYGALTLDCSPRTGLDFNEMVLLTMKEKSWLVHKQWFLDLPLPWTSGASTSQETWNRQDLLVTFKTAHAKKQEVVVLGSQEGAMHTALTGATEIQTSGTTTIFAGHLKCRLKMDKLTLKGVSYVMCTGSFKLEKEVAETQHGTVLVQVKYEGTDAPCKIPFSSQDEKGVIQNGRLITANPIVTDKEKPVNIEAEPPFGESYIVVGAGEKALKLSWFKKGSSIGKMFEATARGARRMAILGDTAWDFGSIGGVFTSVGKLVHQIFGTAYGVLFSGVSWTMKIGIGILLTWLGLNSRSTSLSMTCIAVGMVTLYLGVMVQA
>4B03_2|Chains D, E, F|DENGUE VIRUS 1 PRM PROTEIN|DENGUE VIRUS 1 (11053)
FHLTTRGGEPHMIVSKQERGKSLLFKTSAGVNMCTLIAMDLGELCEDTMTYKCPRITETEPDDVDCWCNATETWVTYGTCSQTGEHRRDKRSVALAPHVGLGLETRTETWMSSEGAWKQIQKVETWALGHPGFTVIALFLAHAIGTSITQKGIIFILLMLVTPSMA","S A G V N M C T L	",A G V N M C T L I,S K Q E R G K S L,L G E L C E D T M,"D C W C N A T E T	",KQEVVVLGSQEGAMH,TLDIELLKTEVTNPA,NLKYSVIVTVHTGDQ,PTLDIELLKTEVTNPA,KKQEVVVLGSQEGAMH,HIS,THR,GLN,THR,VAL,GDQHQVGNETTEHG,RFPB-GPGPG-SAGVNMCTLAAY-AGVNMCTLI-AAYSKQERGKSL-AAYLGELCEDTM-AAYDCWCNATET-GPGPG-KQEVVVLGSQEGAMH-GPGPG-TLDIELLKTEVTNPA-GPGPG-NLKYSVIVTVHTGDQ-GPGPG-PTLDIELLKTEVTNPA-GPGPG-KKQEVVVLGSQEGAMH-KKHISKKTHRKKGLNKKTHRKKVALKK-GDQHQVGNETTEHGRFPB
,,,,,,,,,,,,,,,,,
">4B03_1|Chains A, B, C|DENGUE VIRUS 1 E PROTEIN|DENGUE VIRUS 1 (11053)
MRCVGISNRDFVEGLSATGWVDVVLEHGSCVTTMAKDKPTLDIELLKTEVTNPAILRKLCIEAKISNTTTDSRCPTQGEATLVEEQDTNFVCRRTFVDRGWGNGCGLFGKGSLITCAKFKCVTKLEGKIVQYENLKYSVIVTVHTGDQHQVGNETTEHGTTATITPQAPTSEIQLTDYGALTLDCSPRTGLDFNEMVLLTMKEKSWLVHKQWFLDLPLPWTSGASTSQETWNRQDLLVTFKTAHAKKQEVVVLGSQEGAMHTALTGATEIQTSGTTTIFAGHLKCRLKMDKLTLKGVSYVMCTGSFKLEKEVAETQHGTVLVQVKYEGTDAPCKIPFSSQDEKGVIQNGRLITANPIVTDKEKPVNIEAEPPFGESYIVVGAGEKALKLSWFKKGSSIGKMFEATARGARRMAILGDTAWDFGSIGGVFTSVGKLVHQIFGTAYGVLFSGVSWTMKIGIGILLTWLGLNSRSTSLSMTCIAVGMVTLYLGVMVQA
>4B03_2|Chains D, E, F|DENGUE VIRUS 1 PRM PROTEIN|DENGUE VIRUS 1 (11053)
FHLTTRGGEPHMIVSKQERGKSLLFKTSAGVNMCTLIAMDLGELCEDTMTYKCPRITETEPDDVDCWCNATETWVTYGTCSQTGEHRRDKRSVALAPHVGLGLETRTETWMSSEGAWKQIQKVETWALGHPGFTVIALFLAHAIGTSITQKGIIFILLMLVTPSMA"," V G I S N R D F V	",T E V T N P A I L,"A K I S N T T T D	","T M A K D K P T L	",D K P T L D I E L,ENLKYSVIVTVHTGDQ,TLDIELLKTEVTNP,KKQEVVVLGSQEGAM,NLKYSVIVTVHTGD,ENLKYSVIVTVHTGD,ASP,GLN,VAL,LYS,GLU,FKLEKEVAETQHG,RFPB-GPGPG-VGISNRDFVAAY-TEVTNPAIL-AAYAKISNTTTD-AAYTMAKDKPTL-AAYDKPTLDIEL-GPGPG-ENLKYSVIVTVHTGDQ-GPGPG-TLDIELLKTEVTNP-GPGPG-KKQEVVVLGSQEGAM-GPGPG-NLKYSVIVTVHTGD-GPGPG-ENLKYSVIVTVHTGD-KKASPKKGLNKKVALKKLYSKKGLUKK-FKLEKEVAETQHGRFPB
,,,,,,,,,,,,,,,,,
">4B03_1|Chains A, B, C|DENGUE VIRUS 1 E PROTEIN|DENGUE VIRUS 1 (11053)
MRCVGISNRDFVEGLSATGWVDVVLEHGSCVTTMAKDKPTLDIELLKTEVTNPAILRKLCIEAKISNTTTDSRCPTQGEATLVEEQDTNFVCRRTFVDRGWGNGCGLFGKGSLITCAKFKCVTKLEGKIVQYENLKYSVIVTVHTGDQHQVGNETTEHGTTATITPQAPTSEIQLTDYGALTLDCSPRTGLDFNEMVLLTMKEKSWLVHKQWFLDLPLPWTSGASTSQETWNRQDLLVTFKTAHAKKQEVVVLGSQEGAMHTALTGATEIQTSGTTTIFAGHLKCRLKMDKLTLKGVSYVMCTGSFKLEKEVAETQHGTVLVQVKYEGTDAPCKIPFSSQDEKGVIQNGRLITANPIVTDKEKPVNIEAEPPFGESYIVVGAGEKALKLSWFKKGSSIGKMFEATARGARRMAILGDTAWDFGSIGGVFTSVGKLVHQIFGTAYGVLFSGVSWTMKIGIGILLTWLGLNSRSTSLSMTCIAVGMVTLYLGVMVQA
>4B03_2|Chains D, E, F|DENGUE VIRUS 1 PRM PROTEIN|DENGUE VIRUS 1 (11053)
FHLTTRGGEPHMIVSKQERGKSLLFKTSAGVNMCTLIAMDLGELCEDTMTYKCPRITETEPDDVDCWCNATETWVTYGTCSQTGEHRRDKRSVALAPHVGLGLETRTETWMSSEGAWKQIQKVETWALGHPGFTVIALFLAHAIGTSITQKGIIFILLMLVTPSMA","R G W G N G C G L	", V Q Y E N L K Y S, H Q V G N E T T E,Q A P T S E I Q L,G K I V Q Y E N L,PTLDIELLKTEVTNP,KQEVVVLGSQEGAMHT,AKKQEVVVLGSQEGAMH,TLDIELLKTEVTNPAI,KPTLDIELLKTEVTNPA,ILE,ASP,LYS,ASN,PRO,ALKLSWFKKGSS,RFPB-GPGPG-RGWGNGCGLAAY-VQYENLKYS-AAYHQVGNETTE-AAYQAPTSEIQL-AAYGKIVQYENL-GPGPG-PTLDIELLKTEVTNP-GPGPG-KQEVVVLGSQEGAMHT-GPGPG-AKKQEVVVLGSQEGAMH-GPGPG-TLDIELLKTEVTNPAI-GPGPG-KPTLDIELLKTEVTNPA-KKILEKKASPKKLYSKKASNKKPROKK-ALKLSWFKKGSSRFPB
,,,,,,,,,,,,,,,,,
">4B03_1|Chains A, B, C|DENGUE VIRUS 1 E PROTEIN|DENGUE VIRUS 1 (11053)
MRCVGISNRDFVEGLSATGWVDVVLEHGSCVTTMAKDKPTLDIELLKTEVTNPAILRKLCIEAKISNTTTDSRCPTQGEATLVEEQDTNFVCRRTFVDRGWGNGCGLFGKGSLITCAKFKCVTKLEGKIVQYENLKYSVIVTVHTGDQHQVGNETTEHGTTATITPQAPTSEIQLTDYGALTLDCSPRTGLDFNEMVLLTMKEKSWLVHKQWFLDLPLPWTSGASTSQETWNRQDLLVTFKTAHAKKQEVVVLGSQEGAMHTALTGATEIQTSGTTTIFAGHLKCRLKMDKLTLKGVSYVMCTGSFKLEKEVAETQHGTVLVQVKYEGTDAPCKIPFSSQDEKGVIQNGRLITANPIVTDKEKPVNIEAEPPFGESYIVVGAGEKALKLSWFKKGSSIGKMFEATARGARRMAILGDTAWDFGSIGGVFTSVGKLVHQIFGTAYGVLFSGVSWTMKIGIGILLTWLGLNSRSTSLSMTCIAVGMVTLYLGVMVQA
>4B03_2|Chains D, E, F|DENGUE VIRUS 1 PRM PROTEIN|DENGUE VIRUS 1 (11053)
FHLTTRGGEPHMIVSKQERGKSLLFKTSAGVNMCTLIAMDLGELCEDTMTYKCPRITETEPDDVDCWCNATETWVTYGTCSQTGEHRRDKRSVALAPHVGLGLETRTETWMSSEGAWKQIQKVETWALGHPGFTVIALFLAHAIGTSITQKGIIFILLMLVTPSMA",G L D F N E M V L,Q E T W N R Q D L, F N E M V L L T M,"S W L V H K Q W F	",C S P R T G L D F,KKQEVVVLGSQEGAMHT,NLKYSVIVTVHTGDQH,YENLKYSVIVTVHTGDQ,KQEVVVLGSQEGA,"PTLDIELLKTEVTNPAI	",GLY,GLY,GLU,SER,GLY,WDFGSIGG,RFPB-GPGPG-GLDFNEMVLAAY-QETWNRQDL-AAYFNEMVLLTM-AAYSWLVHKQWF-AAYCSPRTGLDF-GPGPG-KKQEVVVLGSQEGAMHT-GPGPG-NLKYSVIVTVHTGDQH-GPGPG-YENLKYSVIVTVHTGDQ-GPGPG-KQEVVVLGSQEGA-GPGPG-PTLDIELLKTEVTNPAI-KKGLYKKGLYKKGLUKKSERKKGLYKK-WDFGSIGGRFPB
,,,,,,,,,,,,,,,,,
">4B03_1|Chains A, B, C|DENGUE VIRUS 1 E PROTEIN|DENGUE VIRUS 1 (11053)
MRCVGISNRDFVEGLSATGWVDVVLEHGSCVTTMAKDKPTLDIELLKTEVTNPAILRKLCIEAKISNTTTDSRCPTQGEATLVEEQDTNFVCRRTFVDRGWGNGCGLFGKGSLITCAKFKCVTKLEGKIVQYENLKYSVIVTVHTGDQHQVGNETTEHGTTATITPQAPTSEIQLTDYGALTLDCSPRTGLDFNEMVLLTMKEKSWLVHKQWFLDLPLPWTSGASTSQETWNRQDLLVTFKTAHAKKQEVVVLGSQEGAMHTALTGATEIQTSGTTTIFAGHLKCRLKMDKLTLKGVSYVMCTGSFKLEKEVAETQHGTVLVQVKYEGTDAPCKIPFSSQDEKGVIQNGRLITANPIVTDKEKPVNIEAEPPFGESYIVVGAGEKALKLSWFKKGSSIGKMFEATARGARRMAILGDTAWDFGSIGGVFTSVGKLVHQIFGTAYGVLFSGVSWTMKIGIGILLTWLGLNSRSTSLSMTCIAVGMVTLYLGVMVQA
>4B03_2|Chains D, E, F|DENGUE VIRUS 1 PRM PROTEIN|DENGUE VIRUS 1 (11053)
FHLTTRGGEPHMIVSKQERGKSLLFKTSAGVNMCTLIAMDLGELCEDTMTYKCPRITETEPDDVDCWCNATETWVTYGTCSQTGEHRRDKRSVALAPHVGLGLETRTETWMSSEGAWKQIQKVETWALGHPGFTVIALFLAHAIGTSITQKGIIFILLMLVTPSMA",G V I Q N G R L I,F A G H L K C R L,K G V I Q N G R L,I Q T S G T T T I,S S Q D E K G V I,ENLKYSVIVTVHTGDQH,AKKQEVVVLGSQEGAM,LDIELLKTEVTNPA,AKKQEVVVLGSQEGA,LKYSVIVTVHTGDQ,ASN,SER,VAL,HIS,GLU,QERGKS,RFPB-GPGPG-GVIQNGRLIAAY-FAGHLKCRL-AAYKGVIQNGRL-AAYIQTSGTTTI-AAYSSQDEKGVI-GPGPG-ENLKYSVIVTVHTGDQH-GPGPG-AKKQEVVVLGSQEGAM-GPGPG-LDIELLKTEVTNPA-GPGPG-AKKQEVVVLGSQEGA-GPGPG-LKYSVIVTVHTGDQ-KKASNKKSERKKVALKKHISKKGLUKK-QERGKSRFPB
,,,,,,,,,,,,,,,,,
">4B03_1|Chains A, B, C|DENGUE VIRUS 1 E PROTEIN|DENGUE VIRUS 1 (11053)
MRCVGISNRDFVEGLSATGWVDVVLEHGSCVTTMAKDKPTLDIELLKTEVTNPAILRKLCIEAKISNTTTDSRCPTQGEATLVEEQDTNFVCRRTFVDRGWGNGCGLFGKGSLITCAKFKCVTKLEGKIVQYENLKYSVIVTVHTGDQHQVGNETTEHGTTATITPQAPTSEIQLTDYGALTLDCSPRTGLDFNEMVLLTMKEKSWLVHKQWFLDLPLPWTSGASTSQETWNRQDLLVTFKTAHAKKQEVVVLGSQEGAMHTALTGATEIQTSGTTTIFAGHLKCRLKMDKLTLKGVSYVMCTGSFKLEKEVAETQHGTVLVQVKYEGTDAPCKIPFSSQDEKGVIQNGRLITANPIVTDKEKPVNIEAEPPFGESYIVVGAGEKALKLSWFKKGSSIGKMFEATARGARRMAILGDTAWDFGSIGGVFTSVGKLVHQIFGTAYGVLFSGVSWTMKIGIGILLTWLGLNSRSTSLSMTCIAVGMVTLYLGVMVQA
>4B03_2|Chains D, E, F|DENGUE VIRUS 1 PRM PROTEIN|DENGUE VIRUS 1 (11053)
FHLTTRGGEPHMIVSKQERGKSLLFKTSAGVNMCTLIAMDLGELCEDTMTYKCPRITETEPDDVDCWCNATETWVTYGTCSQTGEHRRDKRSVALAPHVGLGLETRTETWMSSEGAWKQIQKVETWALGHPGFTVIALFLAHAIGTSITQKGIIFILLMLVTPSMA","G A G E K A L K L	",S G V S W T M K I,E P P F G E S Y I,S W F K K G S S I,A T A R G A R R M,KQEVVVLGSQEGAMHTA,KPTLDIELLKTEVTNP,GESYIVVGAGEKALK,YENLKYSVIVTVHTGD,"HAKKQEVVVLGSQEGAMH	",GLY,SER,LYS,LYS,GLY,QTGEHRRDKRSV,RFPB-GPGPG-GAGEKALKLAAY-SGVSWTMKI-AAYEPPFGESYI-AAYSWFKKGSSI-AAYATARGARRM-GPGPG-KQEVVVLGSQEGAMHTA-GPGPG-KPTLDIELLKTEVTNP-GPGPG-GESYIVVGAGEKALK-GPGPG-YENLKYSVIVTVHTGD-GPGPG-HAKKQEVVVLGSQEGAMH-KKGLYKKSERKKLYSKKLYSKKGLYKK-QTGEHRRDKRSVRFPB
,,,,,,,,,,,,,,,,,
">1TGE_1|Chains A, B, C|envelope glycoprotein|Dengue virus 2 Puerto Rico/PR159-S1/1969 (11066)
MRCIGISNRDFVEGVSGGSWVDIVLEHGSCVTTMAKNKPTLDFELIKTEAKQPATLRKYCIEAKLTNTTTESRCPTQGEPTLNEEQDKRFVCKHSMVDRGWGNGCGLFGKGGIVTCAMFTCKKNMEGKIVQPENLEYTVVITPHSGEEHAVGNDTGKHGKEVKITPQSSITEAELTGYGTVTMECSPRTGLDFNEMVLLQMKDKAWLVHRQWFLDLPLPWLPGADTQGSNWIQKETLVTFKNPHAKKQDVVVLGSQEGAMHTALTGATEIQMSSGNLLFTGHLKCRLRMDKLQLKGMSYSMCTGKFKVVKEIAETQHGTIVIRVQYEGDGSPCKIPFEIMDLEKRHVLGRLITVNPIVTEKDSPVNIEAEPPFGDSYIIIGVEPGQLKLNWFKKG",T M A K N K P T L,I G I S N R D F V,"A K L T N T T T E	",N K P T L D F E L,V S G G S W V D I,KQDVVVLGSQEGAMH,GDSYIIIGVEPGQLK,NLEYTVVITPHSGEE,KKQDVVVLGSQEGAMH,FGDSYIIIGVEPGQLK,LYS,HIS,LYS,PRO,THR,KTEAKQPAT,"RFPB-GPGPG-TMAKNKPTLAAY-IGISNRDFV-AAYAKLTNTTTE-AAYNKPTLDFEL-AAYVSGGSWVDI-GPGPG-KQDVVVLGSQEGAMH-GPGPG-GDSYIIIGVEPGQLK-GPGPG-NLEYTVVITPHSGEE-GPGPG-KKQDVVVLGSQEGAMH-GPGPG-FGDSYIIIGVEPGQLK-KKLYSKKHISKKLYSKKPROKKTHRKK-KTEAKQPATRFPB
"
,,,,,,,,,,,,,,,,,
">1TGE_1|Chains A, B, C|envelope glycoprotein|Dengue virus 2 Puerto Rico/PR159-S1/1969 (11066)
MRCIGISNRDFVEGVSGGSWVDIVLEHGSCVTTMAKNKPTLDFELIKTEAKQPATLRKYCIEAKLTNTTTESRCPTQGEPTLNEEQDKRFVCKHSMVDRGWGNGCGLFGKGGIVTCAMFTCKKNMEGKIVQPENLEYTVVITPHSGEEHAVGNDTGKHGKEVKITPQSSITEAELTGYGTVTMECSPRTGLDFNEMVLLQMKDKAWLVHRQWFLDLPLPWLPGADTQGSNWIQKETLVTFKNPHAKKQDVVVLGSQEGAMHTALTGATEIQMSSGNLLFTGHLKCRLRMDKLQLKGMSYSMCTGKFKVVKEIAETQHGTIVIRVQYEGDGSPCKIPFEIMDLEKRHVLGRLITVNPIVTEKDSPVNIEAEPPFGDSYIIIGVEPGQLKLNWFKKG",V Q P E N L E Y T,R G W G N G C G L,H A V G N D T G K,G K I V Q P E N L,V K I T P Q S S I,ENLEYTVVITPHSGEE,KKQDVVVLGSQEGAM,KQDVVVLGSQEGAM,NLEYTVVITPHSGE,KQDVVVLGSQEGAMHT,ALA,GLY,ASN,GLN,LYS,SGEEHAVGNDTGKHG,RFPB-GPGPG-VQPENLEYTAAY-RGWGNGCGL-AAYHAVGNDTGK-AAYGKIVQPENL-AAYVKITPQSSI-GPGPG-ENLEYTVVITPHSGEE-GPGPG-KKQDVVVLGSQEGAM-GPGPG-KQDVVVLGSQEGAM-GPGPG-NLEYTVVITPHSGE-GPGPG-KQDVVVLGSQEGAMHT-KKALAKKGLYKKASNKKGLNKKLYSKK-SGEEHAVGNDTGKHGRFPB
,,,,,,,,,,,,,,,,,
">1TGE_1|Chains A, B, C|envelope glycoprotein|Dengue virus 2 Puerto Rico/PR159-S1/1969 (11066)
MRCIGISNRDFVEGVSGGSWVDIVLEHGSCVTTMAKNKPTLDFELIKTEAKQPATLRKYCIEAKLTNTTTESRCPTQGEPTLNEEQDKRFVCKHSMVDRGWGNGCGLFGKGGIVTCAMFTCKKNMEGKIVQPENLEYTVVITPHSGEEHAVGNDTGKHGKEVKITPQSSITEAELTGYGTVTMECSPRTGLDFNEMVLLQMKDKAWLVHRQWFLDLPLPWLPGADTQGSNWIQKETLVTFKNPHAKKQDVVVLGSQEGAMHTALTGATEIQMSSGNLLFTGHLKCRLRMDKLQLKGMSYSMCTGKFKVVKEIAETQHGTIVIRVQYEGDGSPCKIPFEIMDLEKRHVLGRLITVNPIVTEKDSPVNIEAEPPFGDSYIIIGVEPGQLKLNWFKKG","T A L T G A T E I	",S N W I Q K E T L,A W L V H R Q W F,I Q K E T L V T F,M S S G N L L F T,AKKQDVVVLGSQEGAMH,ENLEYTVVITPHSGE,PFGDSYIIIGVEPGQLK,GDSYIIIGVEPGQLKL,PENLEYTVVITPHSGEE,ASN,ASP,LYS,LYS,GLY,EIQMSSG,RFPB-GPGPG-TALTGATEIAAY-SNWIQKETL-AAYAWLVHRQWF-AAYIQKETLVTF-AAYMSSGNLLFT-GPGPG-AKKQDVVVLGSQEGAMH-GPGPG-ENLEYTVVITPHSGE-GPGPG-PFGDSYIIIGVEPGQLK-GPGPG-GDSYIIIGVEPGQLKL-GPGPG-PENLEYTVVITPHSGEE-KKASNKKASPKKLYSKKLYSKKGLYKK-EIQMSSGRFPB
,,,,,,,,,,,,,,,,,
">1TGE_1|Chains A, B, C|envelope glycoprotein|Dengue virus 2 Puerto Rico/PR159-S1/1969 (11066)
MRCIGISNRDFVEGVSGGSWVDIVLEHGSCVTTMAKNKPTLDFELIKTEAKQPATLRKYCIEAKLTNTTTESRCPTQGEPTLNEEQDKRFVCKHSMVDRGWGNGCGLFGKGGIVTCAMFTCKKNMEGKIVQPENLEYTVVITPHSGEEHAVGNDTGKHGKEVKITPQSSITEAELTGYGTVTMECSPRTGLDFNEMVLLQMKDKAWLVHRQWFLDLPLPWLPGADTQGSNWIQKETLVTFKNPHAKKQDVVVLGSQEGAMHTALTGATEIQMSSGNLLFTGHLKCRLRMDKLQLKGMSYSMCTGKFKVVKEIAETQHGTIVIRVQYEGDGSPCKIPFEIMDLEKRHVLGRLITVNPIVTEKDSPVNIEAEPPFGDSYIIIGVEPGQLKLNWFKKG",D S P V N I E A E,I A E T Q H G T I,S P C K I P F E I,E P P F G D S Y I,M D L E K R H V L,NLEYTVVITPHSGEEH,KKQDVVVLGSQEGAMHT,GDSYIIIGVEPGQL,ATEIQMSSGNLLFTG,FGDSYIIIGVEPGQLKL,GLU,ASP,SER,ALA,ASP,TGKFKVVKEIAETQH,RFPB-GPGPG-DSPVNIEAEAAY-IAETQHGTI-AAYSPCKIPFEI-AAYEPPFGDSYI-AAYMDLEKRHVL-GPGPG-NLEYTVVITPHSGEEH-GPGPG-KKQDVVVLGSQEGAMHT-GPGPG-GDSYIIIGVEPGQL-GPGPG-ATEIQMSSGNLLFTG-GPGPG-FGDSYIIIGVEPGQLKL-KKGLUKKASPKKSERKKALAKKASPKK-TGKFKVVKEIAETQHRFPB
,,,,,,,,,,,,,,,,,
">4FFZ_1|Chains A, D[auth X]|Envelope protein E|Dengue virus 1 (11059)
MASMTLKGMSYVMCTGSFKLEKEVAETQHGTVLVQVKYEGTDAPCKIPFSSQDEKGVTQNGRLITANPIVTDKEKPVNIEAEPPFGESYIVVGAGEKALKLSWFKKGSSIG
>4FFZ_2|Chains B[auth L], E[auth Y]|DENV1-E111 fab fragment (light chain)|Mus musculus (10090)
NIVLTQSPASLAVSLGQRATISCRASESVDHYGNSFIYWYQQKPGQPPKLLIYLASNLESGVPARFSGSGSETDFTLTIDSVETDDAATYYCQQNNEDPYTFGGGTKLEIKRADAAPTVSIFPPSSEQLTSGGASVVCFLNNFYPKDINVKWKIDGSERQNGVLNSWTDQDSKDSTYSMSSTLTLTKDEYERHNSYTCEATHKTSTSPIVKSFNRN
>4FFZ_3|Chains C[auth H], F[auth Z]|DENV1-E111 fab fragment (heavy chain)|Mus musculus (10090)
QVQLLQPGAELVKPGASMKLSCKASGYTFTNWWMHWVRLRPGRGLEWIGRIDPNSDVNKYNEKFENRASLTVDKHSSTAYMQLSSLTSEDSAIYYCARWFFPWYFDVWGTGTTVTVSSAKTTAPSVYPLAPVCGGTTGSSVTLGCLVKGYFPEPVTLTWNSGSLSSGVHTFPALLQSGLYTLSSSVTVTSNTWPSQTITCNVAHPASSTKVDKKIES",G V T Q N G R L I,K G V T Q N G R L,"E K P V N I E A E	","M A S M T L K G M	",E P P F G E S Y I,STAYMQLSSLTSEDS,SSTAYMQLSSLTSEDS,STAYMQLSSLTSED,STAYMQLSSLTSEDSA,HSSTAYMQLSSLTSEDS,THR,GLY,GLN,VAL,LYS,SFKLEKEVAETQH,RFPB-GPGPG-GVTQNGRLIAAY-KGVTQNGRL-AAYEKPVNIEAE-AAYMASMTLKGM-AAYEPPFGESYI-GPGPG-STAYMQLSSLTSEDS-GPGPG-SSTAYMQLSSLTSEDS-GPGPG-STAYMQLSSLTSED-GPGPG-STAYMQLSSLTSEDSA-GPGPG-HSSTAYMQLSSLTSEDS-KKTHRKKGLYKKGLNKKVALKKLYSKK-SFKLEKEVAETQHRFPB
,,,,,,,,,,,,,,,,,
">4FFZ_1|Chains A, D[auth X]|Envelope protein E|Dengue virus 1 (11059)
MASMTLKGMSYVMCTGSFKLEKEVAETQHGTVLVQVKYEGTDAPCKIPFSSQDEKGVTQNGRLITANPIVTDKEKPVNIEAEPPFGESYIVVGAGEKALKLSWFKKGSSIG
>4FFZ_2|Chains B[auth L], E[auth Y]|DENV1-E111 fab fragment (light chain)|Mus musculus (10090)
NIVLTQSPASLAVSLGQRATISCRASESVDHYGNSFIYWYQQKPGQPPKLLIYLASNLESGVPARFSGSGSETDFTLTIDSVETDDAATYYCQQNNEDPYTFGGGTKLEIKRADAAPTVSIFPPSSEQLTSGGASVVCFLNNFYPKDINVKWKIDGSERQNGVLNSWTDQDSKDSTYSMSSTLTLTKDEYERHNSYTCEATHKTSTSPIVKSFNRN
>4FFZ_3|Chains C[auth H], F[auth Z]|DENV1-E111 fab fragment (heavy chain)|Mus musculus (10090)
QVQLLQPGAELVKPGASMKLSCKASGYTFTNWWMHWVRLRPGRGLEWIGRIDPNSDVNKYNEKFENRASLTVDKHSSTAYMQLSSLTSEDSAIYYCARWFFPWYFDVWGTGTTVTVSSAKTTAPSVYPLAPVCGGTTGSSVTLGCLVKGYFPEPVTLTWNSGSLSSGVHTFPALLQSGLYTLSSSVTVTSNTWPSQTITCNVAHPASSTKVDKKIES","Q P P K L L I Y L	","S G S E T D F T L	",V S L G Q R A T I,S P A S L A V S L,Y L A S N L E S G,HNSYTCEATHKTSTS,SSTAYMQLSSLTSEDSA,RHNSYTCEATHKTSTS,HSSTAYMQLSSLTSED,TAYMQLSSLTSEDS,ASN,GLU,GLY,LYS,ASP,QSPASLAVSLGQR,RFPB-GPGPG-QPPKLLIYLAAY-SGSETDFTL-AAYVSLGQRATI-AAYSPASLAVSL-AAYYLASNLESG-GPGPG-HNSYTCEATHKTSTS-GPGPG-SSTAYMQLSSLTSEDSA-GPGPG-RHNSYTCEATHKTSTS-GPGPG-HSSTAYMQLSSLTSED-GPGPG-TAYMQLSSLTSEDS-KKASNKKGLUKKGLYKKLYSKKASPKK-QSPASLAVSLGQRRFPB
,,,,,,,,,,,,,,,,,
">4FFZ_1|Chains A, D[auth X]|Envelope protein E|Dengue virus 1 (11059)
MASMTLKGMSYVMCTGSFKLEKEVAETQHGTVLVQVKYEGTDAPCKIPFSSQDEKGVTQNGRLITANPIVTDKEKPVNIEAEPPFGESYIVVGAGEKALKLSWFKKGSSIG
>4FFZ_2|Chains B[auth L], E[auth Y]|DENV1-E111 fab fragment (light chain)|Mus musculus (10090)
NIVLTQSPASLAVSLGQRATISCRASESVDHYGNSFIYWYQQKPGQPPKLLIYLASNLESGVPARFSGSGSETDFTLTIDSVETDDAATYYCQQNNEDPYTFGGGTKLEIKRADAAPTVSIFPPSSEQLTSGGASVVCFLNNFYPKDINVKWKIDGSERQNGVLNSWTDQDSKDSTYSMSSTLTLTKDEYERHNSYTCEATHKTSTSPIVKSFNRN
>4FFZ_3|Chains C[auth H], F[auth Z]|DENV1-E111 fab fragment (heavy chain)|Mus musculus (10090)
QVQLLQPGAELVKPGASMKLSCKASGYTFTNWWMHWVRLRPGRGLEWIGRIDPNSDVNKYNEKFENRASLTVDKHSSTAYMQLSSLTSEDSAIYYCARWFFPWYFDVWGTGTTVTVSSAKTTAPSVYPLAPVCGGTTGSSVTLGCLVKGYFPEPVTLTWNSGSLSSGVHTFPALLQSGLYTLSSSVTVTSNTWPSQTITCNVAHPASSTKVDKKIES","F G G G T K L E I	",N G V L N S W T D,S T Y S M S S T L,Y S M S S T L T L,A D A A P T V S I,HNSYTCEATHKTST,RHNSYTCEATHKTST,ERHNSYTCEATHKTSTS,KLEIKRADAAPTVS,TAYMQLSSLTSED,GLU,ARG,THR,GLY,GLY,NSDVNKYNEKF,RFPB-GPGPG-FGGGTKLEIAAY-NGVLNSWTD-AAYSTYSMSSTL-AAYYSMSSTLTL-AAYADAAPTVSI-GPGPG-HNSYTCEATHKTST-GPGPG-RHNSYTCEATHKTST-GPGPG-ERHNSYTCEATHKTSTS-GPGPG-KLEIKRADAAPTVS-GPGPG-TAYMQLSSLTSED-KKGLUKKARGKKTHRKKGLYKKGLYKK-NSDVNKYNEKFRFPB
,,,,,,,,,,,,,,,,,
">4FFZ_1|Chains A, D[auth X]|Envelope protein E|Dengue virus 1 (11059)
MASMTLKGMSYVMCTGSFKLEKEVAETQHGTVLVQVKYEGTDAPCKIPFSSQDEKGVTQNGRLITANPIVTDKEKPVNIEAEPPFGESYIVVGAGEKALKLSWFKKGSSIG
>4FFZ_2|Chains B[auth L], E[auth Y]|DENV1-E111 fab fragment (light chain)|Mus musculus (10090)
NIVLTQSPASLAVSLGQRATISCRASESVDHYGNSFIYWYQQKPGQPPKLLIYLASNLESGVPARFSGSGSETDFTLTIDSVETDDAATYYCQQNNEDPYTFGGGTKLEIKRADAAPTVSIFPPSSEQLTSGGASVVCFLNNFYPKDINVKWKIDGSERQNGVLNSWTDQDSKDSTYSMSSTLTLTKDEYERHNSYTCEATHKTSTSPIVKSFNRN
>4FFZ_3|Chains C[auth H], F[auth Z]|DENV1-E111 fab fragment (heavy chain)|Mus musculus (10090)
QVQLLQPGAELVKPGASMKLSCKASGYTFTNWWMHWVRLRPGRGLEWIGRIDPNSDVNKYNEKFENRASLTVDKHSSTAYMQLSSLTSEDSAIYYCARWFFPWYFDVWGTGTTVTVSSAKTTAPSVYPLAPVCGGTTGSSVTLGCLVKGYFPEPVTLTWNSGSLSSGVHTFPALLQSGLYTLSSSVTVTSNTWPSQTITCNVAHPASSTKVDKKIES","E K F E N R A S L	", T A Y M Q L S S L,"R G L E W I G R I	",Q L L Q P G A E L,"R P G R G L E W I	",KLEIKRADAAPTVSI,HNSYTCEATHKTSTSP,STAYMQLSSLTSE,"SGLYTLSSSVTVTSN	",KHSSTAYMQLSSLTSEDS,LYS,THR,ALA,PHE,ILE,DGSERQNGVLNSWTDQDSKD,"RFPB-GPGPG-EKFENRASLAAY-TAYMQLSSL-AAYRGLEWIGRI-AAYQLLQPGAEL-AAYRPGRGLEWI-GPGPG-KLEIKRADAAPTVSI-GPGPG-HNSYTCEATHKTSTSP-GPGPG-STAYMQLSSLTSE-GPGPG-SGLYTLSSSVTVTSN-GPGPG-KHSSTAYMQLSSLTSEDS-KKLYSKKTHRKKALAKKPHEKKILEKK-DGSERQNGVLNSWTDQDSKDRFPB
"
,,,,,,,,,,,,,,,,,
">4FFZ_1|Chains A, D[auth X]|Envelope protein E|Dengue virus 1 (11059)
MASMTLKGMSYVMCTGSFKLEKEVAETQHGTVLVQVKYEGTDAPCKIPFSSQDEKGVTQNGRLITANPIVTDKEKPVNIEAEPPFGESYIVVGAGEKALKLSWFKKGSSIG
>4FFZ_2|Chains B[auth L], E[auth Y]|DENV1-E111 fab fragment (light chain)|Mus musculus (10090)
NIVLTQSPASLAVSLGQRATISCRASESVDHYGNSFIYWYQQKPGQPPKLLIYLASNLESGVPARFSGSGSETDFTLTIDSVETDDAATYYCQQNNEDPYTFGGGTKLEIKRADAAPTVSIFPPSSEQLTSGGASVVCFLNNFYPKDINVKWKIDGSERQNGVLNSWTDQDSKDSTYSMSSTLTLTKDEYERHNSYTCEATHKTSTSPIVKSFNRN
>4FFZ_3|Chains C[auth H], F[auth Z]|DENV1-E111 fab fragment (heavy chain)|Mus musculus (10090)
QVQLLQPGAELVKPGASMKLSCKASGYTFTNWWMHWVRLRPGRGLEWIGRIDPNSDVNKYNEKFENRASLTVDKHSSTAYMQLSSLTSEDSAIYYCARWFFPWYFDVWGTGTTVTVSSAKTTAPSVYPLAPVCGGTTGSSVTLGCLVKGYFPEPVTLTWNSGSLSSGVHTFPALLQSGLYTLSSSVTVTSNTWPSQTITCNVAHPASSTKVDKKIES",T L T W N S G S L,S G V H T F P A L,"G S S V T L G C L	",L L Q S G L Y T L,S S V T L G C L V,TKLEIKRADAAPTVS,RHNSYTCEATHKTSTSP,STAYMQLSSLTSEDSAI,"HSSTAYMQLSSLTSEDSA	",EDPYTFGGGTKLEIK,GLN,HIS,ASN,GLU,VAL,SGSLSSGVHTF,RFPB-GPGPG-TLTWNSGSLAAY-SGVHTFPAL-AAYGSSVTLGCL-AAYLLQSGLYTL-AAYSSVTLGCLV-GPGPG-TKLEIKRADAAPTVS-GPGPG-RHNSYTCEATHKTSTSP-GPGPG-STAYMQLSSLTSEDSAI-GPGPG-HSSTAYMQLSSLTSEDSA-GPGPG-EDPYTFGGGTKLEIK-KKGLNKKHISKKASNKKGLUKKVALKK-SGSLSSGVHTFRFPB
,,,,,,,,,,,,,,,,,
">1P58_1|Chains A, B, C|Major envelope protein E|Dengue virus 2 Puerto Rico/PR159-S1/1969 (11066)
MRCIGISNRDFVEGVSGGSWVDIVLEHGSCVTTMAKNKPTLDFELIKTEAKQPATLRKYCIEAKLTNTTTDSRCPTQGEPTLNEEQDKRFVCKHSMVDRGWGNGCGLFGKGGIVTCAMFTCKKNMEGKIVQPENLEYTVVITPHSGEEHAVGNDTGKHGKEVKITPQSSITEAELTGYGTVTMECSPRTGLDFNEMVLLQMKDKAWLVHRQWFLDLPLPWLPGADTQGSNWIQKETLVTFKNPHAKKQDVVVLGSQEGAMHTALTGATEIQMSSGNLLFTGHLKCRLRMDKLQLKGMSYSMCTGKFKVVKEIAETQHGTIVIRVQYEGDGSPCKIPFEIMDLEKRHVLGRLITVNPIVTEKDSPVNIEAEPPFGDSYIIIGVEPGQLKLDWFKKGSSIGQMFETTMRGAKRMAILGDTAWDFGSLGGVFTSIGKALHQVFGAIYGAAFSGVSWTMKILIGVIITWIGMNSRSTSLSVSLVLVGIVTLYLGVMVQA
>1P58_2|Chains D, E, F|Envelope protein M|Dengue virus 2 Puerto Rico/PR159-S1/1969 (11066)
SVALVPHVGMGLETRTETWMSSEGAWKHAQRIETWILRHPGFTIMAAILAYTIGTTHFQRVLIFILLTAIAPSMT","V A L V P H V G M	","G A W K H A Q R I	",H A Q R I E T W I,M A A I L A Y T I,Q R V L I F I L L,RHPGFTIMAAILAYT,HPGFTIMAAILAYT,RHPGFTIMAAILAY,HPGFTIMAAILAYTI,LRHPGFTIMAAILAY,ALA,LYS,THR,HIS,GLY,KTEAKQPAT,RFPB-GPGPG-VALVPHVGMAAY-GAWKHAQRI-AAYHAQRIETWI-AAYMAAILAYTI-AAYQRVLIFILL-GPGPG-RHPGFTIMAAILAYT-GPGPG-HPGFTIMAAILAYT-GPGPG-RHPGFTIMAAILAY-GPGPG-HPGFTIMAAILAYTI-GPGPG-LRHPGFTIMAAILAY-KKALAKKLYSKKTHRKKHISKKGLYKK-KTEAKQPATRFPB
,,,,,,,,,,,,,,,,,
">1P58_1|Chains A, B, C|Major envelope protein E|Dengue virus 2 Puerto Rico/PR159-S1/1969 (11066)
MRCIGISNRDFVEGVSGGSWVDIVLEHGSCVTTMAKNKPTLDFELIKTEAKQPATLRKYCIEAKLTNTTTDSRCPTQGEPTLNEEQDKRFVCKHSMVDRGWGNGCGLFGKGGIVTCAMFTCKKNMEGKIVQPENLEYTVVITPHSGEEHAVGNDTGKHGKEVKITPQSSITEAELTGYGTVTMECSPRTGLDFNEMVLLQMKDKAWLVHRQWFLDLPLPWLPGADTQGSNWIQKETLVTFKNPHAKKQDVVVLGSQEGAMHTALTGATEIQMSSGNLLFTGHLKCRLRMDKLQLKGMSYSMCTGKFKVVKEIAETQHGTIVIRVQYEGDGSPCKIPFEIMDLEKRHVLGRLITVNPIVTEKDSPVNIEAEPPFGDSYIIIGVEPGQLKLDWFKKGSSIGQMFETTMRGAKRMAILGDTAWDFGSLGGVFTSIGKALHQVFGAIYGAAFSGVSWTMKILIGVIITWIGMNSRSTSLSVSLVLVGIVTLYLGVMVQA
>1P58_2|Chains D, E, F|Envelope protein M|Dengue virus 2 Puerto Rico/PR159-S1/1969 (11066)
SVALVPHVGMGLETRTETWMSSEGAWKHAQRIETWILRHPGFTIMAAILAYTIGTTHFQRVLIFILLTAIAPSMT",T M A K N K P T L,I G I S N R D F V,A K L T N T T T D,N K P T L D F E L,V S G G S W V D I,LRHPGFTIMAAILAYT,PGFTIMAAILAYT,KQDVVVLGSQEGAMH,RHPGFTIMAAILAYTI,"ILRHPGFTIMAAILAYT	",LYS,ASP,GLN,GLU,PRO,SGEEHAVGNDTGKHG,RFPB-GPGPG-TMAKNKPTLAAY-IGISNRDFV-AAYAKLTNTTTD-AAYNKPTLDFEL-AAYVSGGSWVDI-GPGPG-LRHPGFTIMAAILAYT-GPGPG-PGFTIMAAILAYT-GPGPG-KQDVVVLGSQEGAMH-GPGPG-RHPGFTIMAAILAYTI-GPGPG-ILRHPGFTIMAAILAYT-KKLYSKKASPKKGLNKKGLUKKPROKK-SGEEHAVGNDTGKHGRFPB
,,,,,,,,,,,,,,,,,
">1P58_1|Chains A, B, C|Major envelope protein E|Dengue virus 2 Puerto Rico/PR159-S1/1969 (11066)
MRCIGISNRDFVEGVSGGSWVDIVLEHGSCVTTMAKNKPTLDFELIKTEAKQPATLRKYCIEAKLTNTTTDSRCPTQGEPTLNEEQDKRFVCKHSMVDRGWGNGCGLFGKGGIVTCAMFTCKKNMEGKIVQPENLEYTVVITPHSGEEHAVGNDTGKHGKEVKITPQSSITEAELTGYGTVTMECSPRTGLDFNEMVLLQMKDKAWLVHRQWFLDLPLPWLPGADTQGSNWIQKETLVTFKNPHAKKQDVVVLGSQEGAMHTALTGATEIQMSSGNLLFTGHLKCRLRMDKLQLKGMSYSMCTGKFKVVKEIAETQHGTIVIRVQYEGDGSPCKIPFEIMDLEKRHVLGRLITVNPIVTEKDSPVNIEAEPPFGDSYIIIGVEPGQLKLDWFKKGSSIGQMFETTMRGAKRMAILGDTAWDFGSLGGVFTSIGKALHQVFGAIYGAAFSGVSWTMKILIGVIITWIGMNSRSTSLSVSLVLVGIVTLYLGVMVQA
>1P58_2|Chains D, E, F|Envelope protein M|Dengue virus 2 Puerto Rico/PR159-S1/1969 (11066)
SVALVPHVGMGLETRTETWMSSEGAWKHAQRIETWILRHPGFTIMAAILAYTIGTTHFQRVLIFILLTAIAPSMT",V Q P E N L E Y T,G L D F N E M V L,H A V G N D T G K,G K I V Q P E N L,V K I T P Q S S I,GDSYIIIGVEPGQLK,NLEYTVVITPHSGEE,"LRHPGFTIMAAILAYTI	",KKQDVVVLGSQEGAMH,FGDSYIIIGVEPGQLK,SER,PHE,LYS,GLU,LYS,FLDLPLPWLPGADTQGSNWIQKE,RFPB-GPGPG-VQPENLEYTAAY-GLDFNEMVL-AAYHAVGNDTGK-AAYGKIVQPENL-AAYVKITPQSSI-GPGPG-GDSYIIIGVEPGQLK-GPGPG-NLEYTVVITPHSGEE-GPGPG-LRHPGFTIMAAILAYTI-GPGPG-KKQDVVVLGSQEGAMH-GPGPG-FGDSYIIIGVEPGQLK-KKSERKKPHEKKLYSKKGLUKKLYSKK-FLDLPLPWLPGADTQGSNWIQKERFPB
,,,,,,,,,,,,,,,,,
">1P58_1|Chains A, B, C|Major envelope protein E|Dengue virus 2 Puerto Rico/PR159-S1/1969 (11066)
MRCIGISNRDFVEGVSGGSWVDIVLEHGSCVTTMAKNKPTLDFELIKTEAKQPATLRKYCIEAKLTNTTTDSRCPTQGEPTLNEEQDKRFVCKHSMVDRGWGNGCGLFGKGGIVTCAMFTCKKNMEGKIVQPENLEYTVVITPHSGEEHAVGNDTGKHGKEVKITPQSSITEAELTGYGTVTMECSPRTGLDFNEMVLLQMKDKAWLVHRQWFLDLPLPWLPGADTQGSNWIQKETLVTFKNPHAKKQDVVVLGSQEGAMHTALTGATEIQMSSGNLLFTGHLKCRLRMDKLQLKGMSYSMCTGKFKVVKEIAETQHGTIVIRVQYEGDGSPCKIPFEIMDLEKRHVLGRLITVNPIVTEKDSPVNIEAEPPFGDSYIIIGVEPGQLKLDWFKKGSSIGQMFETTMRGAKRMAILGDTAWDFGSLGGVFTSIGKALHQVFGAIYGAAFSGVSWTMKILIGVIITWIGMNSRSTSLSVSLVLVGIVTLYLGVMVQA
>1P58_2|Chains D, E, F|Envelope protein M|Dengue virus 2 Puerto Rico/PR159-S1/1969 (11066)
SVALVPHVGMGLETRTETWMSSEGAWKHAQRIETWILRHPGFTIMAAILAYTIGTTHFQRVLIFILLTAIAPSMT",T A L T G A T E I,"S N W I Q K E T L	",A W L V H R Q W F,"I Q K E T L V T F	","M S S G N L L F T	",HPGFTIMAAILAYTIG,ENLEYTVVITPHSGEE,RHPGFTIMAAILAYTIG,KKQDVVVLGSQEGAM,KQDVVVLGSQEGAM,PHE,THR,ASN,GLU,ASN,MCTGKFKVVKEIAETQH,RFPB-GPGPG-TALTGATEIAAY-SNWIQKETL-AAYAWLVHRQWF-AAYIQKETLVTF-AAYMSSGNLLFT-GPGPG-HPGFTIMAAILAYTIG-GPGPG-ENLEYTVVITPHSGEE-GPGPG-RHPGFTIMAAILAYTIG-GPGPG-KKQDVVVLGSQEGAM-GPGPG-KQDVVVLGSQEGAM-KKPHEKKTHRKKASNKKGLUKKASNKK-MCTGKFKVVKEIAETQHRFPB
,,,,,,,,,,,,,,,,,
">1P58_1|Chains A, B, C|Major envelope protein E|Dengue virus 2 Puerto Rico/PR159-S1/1969 (11066)
MRCIGISNRDFVEGVSGGSWVDIVLEHGSCVTTMAKNKPTLDFELIKTEAKQPATLRKYCIEAKLTNTTTDSRCPTQGEPTLNEEQDKRFVCKHSMVDRGWGNGCGLFGKGGIVTCAMFTCKKNMEGKIVQPENLEYTVVITPHSGEEHAVGNDTGKHGKEVKITPQSSITEAELTGYGTVTMECSPRTGLDFNEMVLLQMKDKAWLVHRQWFLDLPLPWLPGADTQGSNWIQKETLVTFKNPHAKKQDVVVLGSQEGAMHTALTGATEIQMSSGNLLFTGHLKCRLRMDKLQLKGMSYSMCTGKFKVVKEIAETQHGTIVIRVQYEGDGSPCKIPFEIMDLEKRHVLGRLITVNPIVTEKDSPVNIEAEPPFGDSYIIIGVEPGQLKLDWFKKGSSIGQMFETTMRGAKRMAILGDTAWDFGSLGGVFTSIGKALHQVFGAIYGAAFSGVSWTMKILIGVIITWIGMNSRSTSLSVSLVLVGIVTLYLGVMVQA
>1P58_2|Chains D, E, F|Envelope protein M|Dengue virus 2 Puerto Rico/PR159-S1/1969 (11066)
SVALVPHVGMGLETRTETWMSSEGAWKHAQRIETWILRHPGFTIMAAILAYTIGTTHFQRVLIFILLTAIAPSMT","D S P V N I E A E	","I A E T Q H G T I	","S P C K I P F E I	","E P P F G D S Y I	","M D L E K R H V L	",NLEYTVVITPHSGE,RHPGFTIMAAILA,ILRHPGFTIMAAILAY,AWDFGSLGGVFTSIG,PGFTIMAAILAYTI,ALA,THR,GLN,ASP,MET,LKLDWFKKGSSIGQ,"RFPB-GPGPG-DSPVNIEAEAAY-IAETQHGTI-AAYSPCKIPFEI-AAYEPPFGDSYI-AAYMDLEKRHVL-GPGPG-NLEYTVVITPHSGE-GPGPG-RHPGFTIMAAILA-GPGPG-ILRHPGFTIMAAILAY-GPGPG-AWDFGSLGGVFTSIG-GPGPG-PGFTIMAAILAYTI-KKALAKKTHRKKGLNKKASPKKMETKK-LKLDWFKKGSSIGQRFPB
"
,,,,,,,,,,,,,,,,,
">1P58_1|Chains A, B, C|Major envelope protein E|Dengue virus 2 Puerto Rico/PR159-S1/1969 (11066)
MRCIGISNRDFVEGVSGGSWVDIVLEHGSCVTTMAKNKPTLDFELIKTEAKQPATLRKYCIEAKLTNTTTDSRCPTQGEPTLNEEQDKRFVCKHSMVDRGWGNGCGLFGKGGIVTCAMFTCKKNMEGKIVQPENLEYTVVITPHSGEEHAVGNDTGKHGKEVKITPQSSITEAELTGYGTVTMECSPRTGLDFNEMVLLQMKDKAWLVHRQWFLDLPLPWLPGADTQGSNWIQKETLVTFKNPHAKKQDVVVLGSQEGAMHTALTGATEIQMSSGNLLFTGHLKCRLRMDKLQLKGMSYSMCTGKFKVVKEIAETQHGTIVIRVQYEGDGSPCKIPFEIMDLEKRHVLGRLITVNPIVTEKDSPVNIEAEPPFGDSYIIIGVEPGQLKLDWFKKGSSIGQMFETTMRGAKRMAILGDTAWDFGSLGGVFTSIGKALHQVFGAIYGAAFSGVSWTMKILIGVIITWIGMNSRSTSLSVSLVLVGIVTLYLGVMVQA
>1P58_2|Chains D, E, F|Envelope protein M|Dengue virus 2 Puerto Rico/PR159-S1/1969 (11066)
SVALVPHVGMGLETRTETWMSSEGAWKHAQRIETWILRHPGFTIMAAILAYTIGTTHFQRVLIFILLTAIAPSMT
",S L G G V F T S I,"S G V S W T M K I	",I G Q M F E T T M,"G M N S R S T S L	",T S L S V S L V L,KQDVVVLGSQEGAMHT,AKKQDVVVLGSQEGAMH,ENLEYTVVITPHSGE,PFGDSYIIIGVEPGQLK,GDSYIIIGVEPGQLKL,GLY,ASP,MET,ALA,ASP,IETWILRHPGFT,"RFPB-GPGPG-SLGGVFTSIAAY-SGVSWTMKI-AAYIGQMFETTM-AAYGMNSRSTSL-AAYTSLSVSLVL-GPGPG-KQDVVVLGSQEGAMHT-GPGPG-AKKQDVVVLGSQEGAMH-GPGPG-ENLEYTVVITPHSGE-GPGPG-PFGDSYIIIGVEPGQLK-GPGPG-GDSYIIIGVEPGQLKL-KKGLYKKASPKKMETKKALAKKASPKK-IETWILRHPGFTRFPB
"
,,,,,,,,,,,,,,,,,
">3J8D_1|Chains A[auth B], D[auth F]|glycoprotein DIII|Dengue virus 2 Thailand/16681/84 (31634)
YVMCTGSFKLEKEVAETQHGTVLVQVKYEGTDAPCKIPFSSQDEKGVTQNGRLITANPIVTDKEKPVNIEAEPPFGESYIVVGAGEKALKLSWFKKG
>3J8D_2|Chains B[auth A], C[auth D]|antibody E111 Fab fragment|Mus musculus (10090)
NIVLTQSPASLAVSLGQRATISCRASESVDSFIYWYQQKPGQPPKLLIYLASNLESGVPARFSGSGSETDFTLTIDSVETDDAATYYCQQNNEDPYTFGGGTKLEIKQVQLLQPGAELVKPGASMKLSCKASGYTFTNWWMHWVRLRPGRGLEWIGRIDPNSDVNKYNEKFENRASLTVDKHSSTAYMQLTSEDSAIYYCARWFFPWYFDVWGTGTTVTVSRADAAPTVSIFPPSSEQLTSGGASVVCFLNNFYPKDINVKWKIDGSERQNGVLNSWTDQDSKDSTYSMSSTLTLTKDEYERHNSYTCEATHKTSTSPIVKSFNRSAKTTAPSVYPLAPVCGGTTGSSVTLGCLVKGYFPEPVTLTWNSGSLSSGVHTFPALLQSGLYTLSSSVTVTSNTWPSQTITCNVAHPASSTKVDKKIES
>3J8D_3|Chains E[auth G], F[auth H], G[auth I]|Envelope protein E|Dengue virus 2 Thailand/16681/84 (31634)
MRCIGISNRDFVEGVSGGSWVDIVLEHGSCVTTMAKNKPTLDFELIKTEAKQPATLRKYCIEAKLTNTTTESRCPTQGEPTLNEEQDKRFVCKHSMVDRGWGNGCGLFGKGGIVTCAMFTCKKNMEGKIVQPENLEYTVVITPHSGEEHAVGNDTGKHGKEVKITPQSSITEAELTGYGTVTMECSPRTGLDFNEMVLLQMKDKAWLVHRQWFLDLPLPWLPGADTQGSNWIQKETLVTFKNPHAKKQDVVVLGSQEGAMHTALTGATEIQMSSGNLLFTGHLKCRLRMDKLQLKGMSYSMCTGKFKVVKEIAETQHGTIVIRVQYEGDGSPCKIPFEIMDLEKRHVLGRLITVNPIVTEKDSPVNIEAEPPFGDSYIIIGVEPGQLKLNWFKK",G V T Q N G R L I,K G V T Q N G R L,G A G E K A L K L,"E K P V N I E A E	",E P P F G E S Y I,KQDVVVLGSQEGAMH,GDSYIIIGVEPGQLK,HNSYTCEATHKTSTS,NLEYTVVITPHSGEE,STAYMQLTSEDSAI,LYS,PRO,TYR,ASN,VAL,GSFKLEKEVAETQHG,RFPB-GPGPG-GVTQNGRLIAAY-KGVTQNGRL-AAYGAGEKALKL-AAYEKPVNIEAE-AAYEPPFGESYI-GPGPG-KQDVVVLGSQEGAMH-GPGPG-GDSYIIIGVEPGQLK-GPGPG-HNSYTCEATHKTSTS-GPGPG-NLEYTVVITPHSGEE-GPGPG-STAYMQLTSEDSAI-KKLYSKKPROKKTYRKKASNKKVALKK-GSFKLEKEVAETQHGRFPB
,,,,,,,,,,,,,,,,,
">3J8D_1|Chains A[auth B], D[auth F]|glycoprotein DIII|Dengue virus 2 Thailand/16681/84 (31634)
YVMCTGSFKLEKEVAETQHGTVLVQVKYEGTDAPCKIPFSSQDEKGVTQNGRLITANPIVTDKEKPVNIEAEPPFGESYIVVGAGEKALKLSWFKKG
>3J8D_2|Chains B[auth A], C[auth D]|antibody E111 Fab fragment|Mus musculus (10090)
NIVLTQSPASLAVSLGQRATISCRASESVDSFIYWYQQKPGQPPKLLIYLASNLESGVPARFSGSGSETDFTLTIDSVETDDAATYYCQQNNEDPYTFGGGTKLEIKQVQLLQPGAELVKPGASMKLSCKASGYTFTNWWMHWVRLRPGRGLEWIGRIDPNSDVNKYNEKFENRASLTVDKHSSTAYMQLTSEDSAIYYCARWFFPWYFDVWGTGTTVTVSRADAAPTVSIFPPSSEQLTSGGASVVCFLNNFYPKDINVKWKIDGSERQNGVLNSWTDQDSKDSTYSMSSTLTLTKDEYERHNSYTCEATHKTSTSPIVKSFNRSAKTTAPSVYPLAPVCGGTTGSSVTLGCLVKGYFPEPVTLTWNSGSLSSGVHTFPALLQSGLYTLSSSVTVTSNTWPSQTITCNVAHPASSTKVDKKIES
>3J8D_3|Chains E[auth G], F[auth H], G[auth I]|Envelope protein E|Dengue virus 2 Thailand/16681/84 (31634)
MRCIGISNRDFVEGVSGGSWVDIVLEHGSCVTTMAKNKPTLDFELIKTEAKQPATLRKYCIEAKLTNTTTESRCPTQGEPTLNEEQDKRFVCKHSMVDRGWGNGCGLFGKGGIVTCAMFTCKKNMEGKIVQPENLEYTVVITPHSGEEHAVGNDTGKHGKEVKITPQSSITEAELTGYGTVTMECSPRTGLDFNEMVLLQMKDKAWLVHRQWFLDLPLPWLPGADTQGSNWIQKETLVTFKNPHAKKQDVVVLGSQEGAMHTALTGATEIQMSSGNLLFTGHLKCRLRMDKLQLKGMSYSMCTGKFKVVKEIAETQHGTIVIRVQYEGDGSPCKIPFEIMDLEKRHVLGRLITVNPIVTEKDSPVNIEAEPPFGDSYIIIGVEPGQLKLNWFKK",Q P P K L L I Y L,S G S E T D F T L,V S L G Q R A T I,S P A S L A V S L,"A S E S V D S F I	", KKQDVVVLGSQEGAMH,STAYMQLTSEDSAIY,FGDSYIIIGVEPGQLK,RHNSYTCEATHKTSTS,ENLEYTVVITPHSGEE,ASN,ASP,TRP,SER,HIS,GSLSSGVHTFPALL,RFPB-GPGPG-QPPKLLIYLAAY-SGSETDFTL-AAYVSLGQRATI-AAYSPASLAVSL-AAYASESVDSFI-GPGPG-KKQDVVVLGSQEGAMH-GPGPG-STAYMQLTSEDSAIY-GPGPG-FGDSYIIIGVEPGQLK-GPGPG-RHNSYTCEATHKTSTS-GPGPG-ENLEYTVVITPHSGEE-KKASNKKASPKKTRPKKSERKKHISKK-GSLSSGVHTFPALLRFPB
,,,,,,,,,,,,,,,,,
">3J8D_1|Chains A[auth B], D[auth F]|glycoprotein DIII|Dengue virus 2 Thailand/16681/84 (31634)
YVMCTGSFKLEKEVAETQHGTVLVQVKYEGTDAPCKIPFSSQDEKGVTQNGRLITANPIVTDKEKPVNIEAEPPFGESYIVVGAGEKALKLSWFKKG
>3J8D_2|Chains B[auth A], C[auth D]|antibody E111 Fab fragment|Mus musculus (10090)
NIVLTQSPASLAVSLGQRATISCRASESVDSFIYWYQQKPGQPPKLLIYLASNLESGVPARFSGSGSETDFTLTIDSVETDDAATYYCQQNNEDPYTFGGGTKLEIKQVQLLQPGAELVKPGASMKLSCKASGYTFTNWWMHWVRLRPGRGLEWIGRIDPNSDVNKYNEKFENRASLTVDKHSSTAYMQLTSEDSAIYYCARWFFPWYFDVWGTGTTVTVSRADAAPTVSIFPPSSEQLTSGGASVVCFLNNFYPKDINVKWKIDGSERQNGVLNSWTDQDSKDSTYSMSSTLTLTKDEYERHNSYTCEATHKTSTSPIVKSFNRSAKTTAPSVYPLAPVCGGTTGSSVTLGCLVKGYFPEPVTLTWNSGSLSSGVHTFPALLQSGLYTLSSSVTVTSNTWPSQTITCNVAHPASSTKVDKKIES
>3J8D_3|Chains E[auth G], F[auth H], G[auth I]|Envelope protein E|Dengue virus 2 Thailand/16681/84 (31634)
MRCIGISNRDFVEGVSGGSWVDIVLEHGSCVTTMAKNKPTLDFELIKTEAKQPATLRKYCIEAKLTNTTTESRCPTQGEPTLNEEQDKRFVCKHSMVDRGWGNGCGLFGKGGIVTCAMFTCKKNMEGKIVQPENLEYTVVITPHSGEEHAVGNDTGKHGKEVKITPQSSITEAELTGYGTVTMECSPRTGLDFNEMVLLQMKDKAWLVHRQWFLDLPLPWLPGADTQGSNWIQKETLVTFKNPHAKKQDVVVLGSQEGAMHTALTGATEIQMSSGNLLFTGHLKCRLRMDKLQLKGMSYSMCTGKFKVVKEIAETQHGTIVIRVQYEGDGSPCKIPFEIMDLEKRHVLGRLITVNPIVTEKDSPVNIEAEPPFGDSYIIIGVEPGQLKLNWFKK",E K F E N R A S L,"F G G G T K L E I	",R G L E W I G R I,L E I K Q V Q L L,"Q L L Q P G A E L	",HNSYTCEATHKTST,KKQDVVVLGSQEGAM,RHNSYTCEATHKTST,SSTAYMQLTSEDSAI,KQDVVVLGSQEGAM,PRO,GLU,ASP,GLN,ILE,SGEEHAVGNDTGKHG,RFPB-GPGPG-EKFENRASLAAY-FGGGTKLEI-AAYRGLEWIGRI-AAYLEIKQVQLL-AAYQLLQPGAEL-GPGPG-HNSYTCEATHKTST-GPGPG-KKQDVVVLGSQEGAM-GPGPG-RHNSYTCEATHKTST-GPGPG-SSTAYMQLTSEDSAI-GPGPG-KQDVVVLGSQEGAM-KKPROKKGLUKKASPKKGLNKKILEKK-SGEEHAVGNDTGKHGRFPB
,,,,,,,,,,,,,,,,,
">3J8D_1|Chains A[auth B], D[auth F]|glycoprotein DIII|Dengue virus 2 Thailand/16681/84 (31634)
YVMCTGSFKLEKEVAETQHGTVLVQVKYEGTDAPCKIPFSSQDEKGVTQNGRLITANPIVTDKEKPVNIEAEPPFGESYIVVGAGEKALKLSWFKKG
>3J8D_2|Chains B[auth A], C[auth D]|antibody E111 Fab fragment|Mus musculus (10090)
NIVLTQSPASLAVSLGQRATISCRASESVDSFIYWYQQKPGQPPKLLIYLASNLESGVPARFSGSGSETDFTLTIDSVETDDAATYYCQQNNEDPYTFGGGTKLEIKQVQLLQPGAELVKPGASMKLSCKASGYTFTNWWMHWVRLRPGRGLEWIGRIDPNSDVNKYNEKFENRASLTVDKHSSTAYMQLTSEDSAIYYCARWFFPWYFDVWGTGTTVTVSRADAAPTVSIFPPSSEQLTSGGASVVCFLNNFYPKDINVKWKIDGSERQNGVLNSWTDQDSKDSTYSMSSTLTLTKDEYERHNSYTCEATHKTSTSPIVKSFNRSAKTTAPSVYPLAPVCGGTTGSSVTLGCLVKGYFPEPVTLTWNSGSLSSGVHTFPALLQSGLYTLSSSVTVTSNTWPSQTITCNVAHPASSTKVDKKIES
>3J8D_3|Chains E[auth G], F[auth H], G[auth I]|Envelope protein E|Dengue virus 2 Thailand/16681/84 (31634)
MRCIGISNRDFVEGVSGGSWVDIVLEHGSCVTTMAKNKPTLDFELIKTEAKQPATLRKYCIEAKLTNTTTESRCPTQGEPTLNEEQDKRFVCKHSMVDRGWGNGCGLFGKGGIVTCAMFTCKKNMEGKIVQPENLEYTVVITPHSGEEHAVGNDTGKHGKEVKITPQSSITEAELTGYGTVTMECSPRTGLDFNEMVLLQMKDKAWLVHRQWFLDLPLPWLPGADTQGSNWIQKETLVTFKNPHAKKQDVVVLGSQEGAMHTALTGATEIQMSSGNLLFTGHLKCRLRMDKLQLKGMSYSMCTGKFKVVKEIAETQHGTIVIRVQYEGDGSPCKIPFEIMDLEKRHVLGRLITVNPIVTEKDSPVNIEAEPPFGDSYIIIGVEPGQLKLNWFKK
", N G V L N S W T D,S T Y S M S S T L,A D A A P T V S I,"I F P P S S E Q L	",S G G A S V V C F,NLEYTVVITPHSGE,STAYMQLTSEDSA,SSTAYMQLTSEDSAIY,"KQDVVVLGSQEGAMHT	",AKKQDVVVLGSQEGAMH,ASN,GLU,ARG,GLN,LYS,TGKFKVVKEIAETQH,RFPB-GPGPG-NGVLNSWTDAAY-STYSMSSTL-AAYADAAPTVSI-AAYIFPPSSEQL-AAYSGGASVVCF-GPGPG-NLEYTVVITPHSGE-GPGPG-STAYMQLTSEDSA-GPGPG-SSTAYMQLTSEDSAIY-GPGPG-KQDVVVLGSQEGAMHT-GPGPG-AKKQDVVVLGSQEGAMH-KKASNKKGLUKKARGKKGLNKKLYSKK-TGKFKVVKEIAETQHRFPB
,,,,,,,,,,,,,,,,,
">3J8D_1|Chains A[auth B], D[auth F]|glycoprotein DIII|Dengue virus 2 Thailand/16681/84 (31634)
YVMCTGSFKLEKEVAETQHGTVLVQVKYEGTDAPCKIPFSSQDEKGVTQNGRLITANPIVTDKEKPVNIEAEPPFGESYIVVGAGEKALKLSWFKKG
>3J8D_2|Chains B[auth A], C[auth D]|antibody E111 Fab fragment|Mus musculus (10090)
NIVLTQSPASLAVSLGQRATISCRASESVDSFIYWYQQKPGQPPKLLIYLASNLESGVPARFSGSGSETDFTLTIDSVETDDAATYYCQQNNEDPYTFGGGTKLEIKQVQLLQPGAELVKPGASMKLSCKASGYTFTNWWMHWVRLRPGRGLEWIGRIDPNSDVNKYNEKFENRASLTVDKHSSTAYMQLTSEDSAIYYCARWFFPWYFDVWGTGTTVTVSRADAAPTVSIFPPSSEQLTSGGASVVCFLNNFYPKDINVKWKIDGSERQNGVLNSWTDQDSKDSTYSMSSTLTLTKDEYERHNSYTCEATHKTSTSPIVKSFNRSAKTTAPSVYPLAPVCGGTTGSSVTLGCLVKGYFPEPVTLTWNSGSLSSGVHTFPALLQSGLYTLSSSVTVTSNTWPSQTITCNVAHPASSTKVDKKIES
>3J8D_3|Chains E[auth G], F[auth H], G[auth I]|Envelope protein E|Dengue virus 2 Thailand/16681/84 (31634)
MRCIGISNRDFVEGVSGGSWVDIVLEHGSCVTTMAKNKPTLDFELIKTEAKQPATLRKYCIEAKLTNTTTESRCPTQGEPTLNEEQDKRFVCKHSMVDRGWGNGCGLFGKGGIVTCAMFTCKKNMEGKIVQPENLEYTVVITPHSGEEHAVGNDTGKHGKEVKITPQSSITEAELTGYGTVTMECSPRTGLDFNEMVLLQMKDKAWLVHRQWFLDLPLPWLPGADTQGSNWIQKETLVTFKNPHAKKQDVVVLGSQEGAMHTALTGATEIQMSSGNLLFTGHLKCRLRMDKLQLKGMSYSMCTGKFKVVKEIAETQHGTIVIRVQYEGDGSPCKIPFEIMDLEKRHVLGRLITVNPIVTEKDSPVNIEAEPPFGDSYIIIGVEPGQLKLNWFKK",T L T W N S G S L,"S G V H T F P A L	",G S S V T L G C L,L L Q S G L Y T L,S S V T L G C L V,ENLEYTVVITPHSGE,PFGDSYIIIGVEPGQLK,ERHNSYTCEATHKTSTS,GDSYIIIGVEPGQLKL,PENLEYTVVITPHSGEE,ARG,ASP,ASN,TYR,SER,CKIPFEIMDLEKR,RFPB-GPGPG-TLTWNSGSLAAY-SGVHTFPAL-AAYGSSVTLGCL-AAYLLQSGLYTL-AAYSSVTLGCLV-GPGPG-ENLEYTVVITPHSGE-GPGPG-PFGDSYIIIGVEPGQLK-GPGPG-ERHNSYTCEATHKTSTS-GPGPG-GDSYIIIGVEPGQLKL-GPGPG-PENLEYTVVITPHSGEE-KKARGKKASPKKASNKKTYRKKSERKK-CKIPFEIMDLEKRRFPB
,,,,,,,,,,,,,,,,,
">3J8D_1|Chains A[auth B], D[auth F]|glycoprotein DIII|Dengue virus 2 Thailand/16681/84 (31634)
YVMCTGSFKLEKEVAETQHGTVLVQVKYEGTDAPCKIPFSSQDEKGVTQNGRLITANPIVTDKEKPVNIEAEPPFGESYIVVGAGEKALKLSWFKKG
>3J8D_2|Chains B[auth A], C[auth D]|antibody E111 Fab fragment|Mus musculus (10090)
NIVLTQSPASLAVSLGQRATISCRASESVDSFIYWYQQKPGQPPKLLIYLASNLESGVPARFSGSGSETDFTLTIDSVETDDAATYYCQQNNEDPYTFGGGTKLEIKQVQLLQPGAELVKPGASMKLSCKASGYTFTNWWMHWVRLRPGRGLEWIGRIDPNSDVNKYNEKFENRASLTVDKHSSTAYMQLTSEDSAIYYCARWFFPWYFDVWGTGTTVTVSRADAAPTVSIFPPSSEQLTSGGASVVCFLNNFYPKDINVKWKIDGSERQNGVLNSWTDQDSKDSTYSMSSTLTLTKDEYERHNSYTCEATHKTSTSPIVKSFNRSAKTTAPSVYPLAPVCGGTTGSSVTLGCLVKGYFPEPVTLTWNSGSLSSGVHTFPALLQSGLYTLSSSVTVTSNTWPSQTITCNVAHPASSTKVDKKIES
>3J8D_3|Chains E[auth G], F[auth H], G[auth I]|Envelope protein E|Dengue virus 2 Thailand/16681/84 (31634)
MRCIGISNRDFVEGVSGGSWVDIVLEHGSCVTTMAKNKPTLDFELIKTEAKQPATLRKYCIEAKLTNTTTESRCPTQGEPTLNEEQDKRFVCKHSMVDRGWGNGCGLFGKGGIVTCAMFTCKKNMEGKIVQPENLEYTVVITPHSGEEHAVGNDTGKHGKEVKITPQSSITEAELTGYGTVTMECSPRTGLDFNEMVLLQMKDKAWLVHRQWFLDLPLPWLPGADTQGSNWIQKETLVTFKNPHAKKQDVVVLGSQEGAMHTALTGATEIQMSSGNLLFTGHLKCRLRMDKLQLKGMSYSMCTGKFKVVKEIAETQHGTIVIRVQYEGDGSPCKIPFEIMDLEKRHVLGRLITVNPIVTEKDSPVNIEAEPPFGDSYIIIGVEPGQLKLNWFKK",T M A K N K P T L,I G I S N R D F V,A K L T N T T T E,N K P T L D F E L,"V S G G S W V D I	",SSTAYMQLTSEDSA,NLEYTVVITPHSGEEH,HNSYTCEATHKTSTSP,KKQDVVVLGSQEGAMHT,GDSYIIIGVEPGQL,GLN,GLY,LYS,GLU,LYS,NSDVNKYNEKFENRASLTVDKHSS,RFPB-GPGPG-TMAKNKPTLAAY-IGISNRDFV-AAYAKLTNTTTE-AAYNKPTLDFEL-AAYVSGGSWVDI-GPGPG-SSTAYMQLTSEDSA-GPGPG-NLEYTVVITPHSGEEH-GPGPG-HNSYTCEATHKTSTSP-GPGPG-KKQDVVVLGSQEGAMHT-GPGPG-GDSYIIIGVEPGQL-KKGLNKKGLYKKLYSKKGLUKKLYSKK-NSDVNKYNEKFENRASLTVDKHSSRFPB
,,,,,,,,,,,,,,,,,
">3J8D_1|Chains A[auth B], D[auth F]|glycoprotein DIII|Dengue virus 2 Thailand/16681/84 (31634)
YVMCTGSFKLEKEVAETQHGTVLVQVKYEGTDAPCKIPFSSQDEKGVTQNGRLITANPIVTDKEKPVNIEAEPPFGESYIVVGAGEKALKLSWFKKG
>3J8D_2|Chains B[auth A], C[auth D]|antibody E111 Fab fragment|Mus musculus (10090)
NIVLTQSPASLAVSLGQRATISCRASESVDSFIYWYQQKPGQPPKLLIYLASNLESGVPARFSGSGSETDFTLTIDSVETDDAATYYCQQNNEDPYTFGGGTKLEIKQVQLLQPGAELVKPGASMKLSCKASGYTFTNWWMHWVRLRPGRGLEWIGRIDPNSDVNKYNEKFENRASLTVDKHSSTAYMQLTSEDSAIYYCARWFFPWYFDVWGTGTTVTVSRADAAPTVSIFPPSSEQLTSGGASVVCFLNNFYPKDINVKWKIDGSERQNGVLNSWTDQDSKDSTYSMSSTLTLTKDEYERHNSYTCEATHKTSTSPIVKSFNRSAKTTAPSVYPLAPVCGGTTGSSVTLGCLVKGYFPEPVTLTWNSGSLSSGVHTFPALLQSGLYTLSSSVTVTSNTWPSQTITCNVAHPASSTKVDKKIES
>3J8D_3|Chains E[auth G], F[auth H], G[auth I]|Envelope protein E|Dengue virus 2 Thailand/16681/84 (31634)
MRCIGISNRDFVEGVSGGSWVDIVLEHGSCVTTMAKNKPTLDFELIKTEAKQPATLRKYCIEAKLTNTTTESRCPTQGEPTLNEEQDKRFVCKHSMVDRGWGNGCGLFGKGGIVTCAMFTCKKNMEGKIVQPENLEYTVVITPHSGEEHAVGNDTGKHGKEVKITPQSSITEAELTGYGTVTMECSPRTGLDFNEMVLLQMKDKAWLVHRQWFLDLPLPWLPGADTQGSNWIQKETLVTFKNPHAKKQDVVVLGSQEGAMHTALTGATEIQMSSGNLLFTGHLKCRLRMDKLQLKGMSYSMCTGKFKVVKEIAETQHGTIVIRVQYEGDGSPCKIPFEIMDLEKRHVLGRLITVNPIVTEKDSPVNIEAEPPFGDSYIIIGVEPGQLKLNWFKK","G L D F N E M V L	","H A V G N D T G K	",V K I T P Q S S I,A W L V H R Q W F,Q S S I T E A E L,SGLYTLSSSVTVTSN,ATEIQMSSGNLLFTG,FGDSYIIIGVEPGQLKL,ENLEYTVVITPHSGEEH,RHNSYTCEATHKTSTSP,ASN,PHE,ARG,GLU,GLU,GSERQNGVLNSWTDQDSKDS,"RFPB-GPGPG-GLDFNEMVLAAY-HAVGNDTGK-AAYVKITPQSSI-AAYAWLVHRQWF-AAYQSSITEAEL-GPGPG-SGLYTLSSSVTVTSN-GPGPG-ATEIQMSSGNLLFTG-GPGPG-FGDSYIIIGVEPGQLKL-GPGPG-ENLEYTVVITPHSGEEH-GPGPG-RHNSYTCEATHKTSTSP-KKASNKKPHEKKARGKKGLUKKGLUKK-GSERQNGVLNSWTDQDSKDSRFPB
"
,,,,,,,,,,,,,,,,,
">2VBC_1|Chain A|DENGUE 4 NS3 FULL-LENGTH PROTEIN|DENGUE VIRUS TYPE 4 (11070)
SGALWDVPSPAATQKATLSEGVYRIMQRGLFGKTQVGVGIHMEGVFHTMWHVTRGSVICHETGRLEPSWADVRNDMISYGGGWRLGDKWDKEEDVQVLAIEPGKNPKHVQTKPGLFKTLTGEIGAVTLDFKPGTSGSPIINKKGKVIGLYGNGVVTKSGDYVSAITQAERIGEPDYEVDEDIFRKKRLTIMDLHPGAGKTKRILPSIVREALKRRLRTLILAPTRVVAAEMEEALRGLPIRYQTPAVKSDHTGREIVDLMCHATFTTRLLSSTRVPNYNLIVMDEAHFTDPCSVAARGYISTRVEMGEAAAIFMTATPPGSTDPFPQSNSPIEDIEREIPERSWNTGFDWITDYQGKTVWFVPSIKAGNDIANCLRKSGKRVIQLSRKTFDTEYPKTKLTDWDFVVTTDISEMGANFRAGRVIDPRRCLKPVILTDGPERVILAGPIPVTPASAAQRRGRIGRNPAQEDDQYVFSGDPLKNDEDHAHWTEAKMLLDNIYTPEGIIPTLFGPEREKTQAIDGEFRLRGEQRKTFVELMRRGDLPVWLSYKVASAGISYKDREWCFTGERNNQILEENMEVEIWTREGEKKKLRPKWLDARVYADPMALKDFKEFASGRK
>2VBC_2|Chain B|PARTIAL POLYPROTEIN FOR NS2A AND NS2B, TYPE 4 PROTOTYPE DV4 H241|DENGUE VIRUS TYPE 4 (11070)
GSAMADLSLEKAANVQWDEMADGGGGSGGGG",W A D V R N D M I,P A A T Q K A T L,T Q V G V G I H M,"T L S E G V Y R I	","H M E G V F H T M	",PGLFKTLTGEIGAVT,PGLFKTLTGEIGAV,KPGLFKTLTGEIGAVT,KPGLFKTLTGEIGAV,TKPGLFKTLTGEIGAVT,GLY,PRO,ILE,ASP,SER,DVPSPAATQKATL,RFPB-GPGPG-WADVRNDMIAAY-PAATQKATL-AAYTQVGVGIHM-AAYTLSEGVYRI-AAYHMEGVFHTM-GPGPG-PGLFKTLTGEIGAVT-GPGPG-PGLFKTLTGEIGAV-GPGPG-KPGLFKTLTGEIGAVT-GPGPG-KPGLFKTLTGEIGAV-GPGPG-TKPGLFKTLTGEIGAVT-KKGLYKKPROKKILEKKASPKKSERKK-DVPSPAATQKATLRFPB
,,,,,,,,,,,,,,,,,
">2VBC_1|Chain A|DENGUE 4 NS3 FULL-LENGTH PROTEIN|DENGUE VIRUS TYPE 4 (11070)
SGALWDVPSPAATQKATLSEGVYRIMQRGLFGKTQVGVGIHMEGVFHTMWHVTRGSVICHETGRLEPSWADVRNDMISYGGGWRLGDKWDKEEDVQVLAIEPGKNPKHVQTKPGLFKTLTGEIGAVTLDFKPGTSGSPIINKKGKVIGLYGNGVVTKSGDYVSAITQAERIGEPDYEVDEDIFRKKRLTIMDLHPGAGKTKRILPSIVREALKRRLRTLILAPTRVVAAEMEEALRGLPIRYQTPAVKSDHTGREIVDLMCHATFTTRLLSSTRVPNYNLIVMDEAHFTDPCSVAARGYISTRVEMGEAAAIFMTATPPGSTDPFPQSNSPIEDIEREIPERSWNTGFDWITDYQGKTVWFVPSIKAGNDIANCLRKSGKRVIQLSRKTFDTEYPKTKLTDWDFVVTTDISEMGANFRAGRVIDPRRCLKPVILTDGPERVILAGPIPVTPASAAQRRGRIGRNPAQEDDQYVFSGDPLKNDEDHAHWTEAKMLLDNIYTPEGIIPTLFGPEREKTQAIDGEFRLRGEQRKTFVELMRRGDLPVWLSYKVASAGISYKDREWCFTGERNNQILEENMEVEIWTREGEKKKLRPKWLDARVYADPMALKDFKEFASGRK
>2VBC_2|Chain B|PARTIAL POLYPROTEIN FOR NS2A AND NS2B, TYPE 4 PROTOTYPE DV4 H241|DENGUE VIRUS TYPE 4 (11070)
GSAMADLSLEKAANVQWDEMADGGGGSGGGG","S A I T Q A E R I	",E P G K N P K H V,T K P G L F K T L,T G E I G A V T L,K S G D Y V S A I,PGLFKTLTGEIGAVTL,PGLFKTLTGEIGA,KGKVIGLYGNGVVTK,"KPGLFKTLTGEIGAVTL	",TKPGLFKTLTGEIGAV,SER,ASP,ARG,ASN,GLN,PSWADVRND,RFPB-GPGPG-SAITQAERIAAY-EPGKNPKHV-AAYTKPGLFKTL-AAYTGEIGAVTL-AAYKSGDYVSAI-GPGPG-PGLFKTLTGEIGAVTL-GPGPG-PGLFKTLTGEIGA-GPGPG-KGKVIGLYGNGVVTK-GPGPG-KPGLFKTLTGEIGAVTL-GPGPG-TKPGLFKTLTGEIGAV-KKSERKKASPKKARGKKASNKKGLNKK-PSWADVRNDRFPB
,,,,,,,,,,,,,,,,,
">2VBC_1|Chain A|DENGUE 4 NS3 FULL-LENGTH PROTEIN|DENGUE VIRUS TYPE 4 (11070)
SGALWDVPSPAATQKATLSEGVYRIMQRGLFGKTQVGVGIHMEGVFHTMWHVTRGSVICHETGRLEPSWADVRNDMISYGGGWRLGDKWDKEEDVQVLAIEPGKNPKHVQTKPGLFKTLTGEIGAVTLDFKPGTSGSPIINKKGKVIGLYGNGVVTKSGDYVSAITQAERIGEPDYEVDEDIFRKKRLTIMDLHPGAGKTKRILPSIVREALKRRLRTLILAPTRVVAAEMEEALRGLPIRYQTPAVKSDHTGREIVDLMCHATFTTRLLSSTRVPNYNLIVMDEAHFTDPCSVAARGYISTRVEMGEAAAIFMTATPPGSTDPFPQSNSPIEDIEREIPERSWNTGFDWITDYQGKTVWFVPSIKAGNDIANCLRKSGKRVIQLSRKTFDTEYPKTKLTDWDFVVTTDISEMGANFRAGRVIDPRRCLKPVILTDGPERVILAGPIPVTPASAAQRRGRIGRNPAQEDDQYVFSGDPLKNDEDHAHWTEAKMLLDNIYTPEGIIPTLFGPEREKTQAIDGEFRLRGEQRKTFVELMRRGDLPVWLSYKVASAGISYKDREWCFTGERNNQILEENMEVEIWTREGEKKKLRPKWLDARVYADPMALKDFKEFASGRK
>2VBC_2|Chain B|PARTIAL POLYPROTEIN FOR NS2A AND NS2B, TYPE 4 PROTOTYPE DV4 H241|DENGUE VIRUS TYPE 4 (11070)
GSAMADLSLEKAANVQWDEMADGGGGSGGGG","T R V P N Y N L I	",V P N Y N L I V M," V A A E M E E A L	",T G R E I V D L M,A L K R R L R T L,KPGLFKTLTGEIGA,KKGKVIGLYGNGVVTK,NKKGKVIGLYGNGVVTK,KGKVIGLYGNGVVTKS,QTKPGLFKTLTGEIGAVT,LYS,LYS,GLU,PRO,ALA,GWRLGDKWDK,RFPB-GPGPG-TRVPNYNLIAAY-VPNYNLIVM-AAYVAAEMEEAL-AAYTGREIVDLM-AAYALKRRLRTL-GPGPG-KPGLFKTLTGEIGA-GPGPG-KKGKVIGLYGNGVVTK-GPGPG-NKKGKVIGLYGNGVVTK-GPGPG-KGKVIGLYGNGVVTKS-GPGPG-QTKPGLFKTLTGEIGAVT-KKLYSKKLYSKKGLUKKPROKKALAKK-GWRLGDKWDKRFPB
,,,,,,,,,,,,,,,,,
">2VBC_1|Chain A|DENGUE 4 NS3 FULL-LENGTH PROTEIN|DENGUE VIRUS TYPE 4 (11070)
SGALWDVPSPAATQKATLSEGVYRIMQRGLFGKTQVGVGIHMEGVFHTMWHVTRGSVICHETGRLEPSWADVRNDMISYGGGWRLGDKWDKEEDVQVLAIEPGKNPKHVQTKPGLFKTLTGEIGAVTLDFKPGTSGSPIINKKGKVIGLYGNGVVTKSGDYVSAITQAERIGEPDYEVDEDIFRKKRLTIMDLHPGAGKTKRILPSIVREALKRRLRTLILAPTRVVAAEMEEALRGLPIRYQTPAVKSDHTGREIVDLMCHATFTTRLLSSTRVPNYNLIVMDEAHFTDPCSVAARGYISTRVEMGEAAAIFMTATPPGSTDPFPQSNSPIEDIEREIPERSWNTGFDWITDYQGKTVWFVPSIKAGNDIANCLRKSGKRVIQLSRKTFDTEYPKTKLTDWDFVVTTDISEMGANFRAGRVIDPRRCLKPVILTDGPERVILAGPIPVTPASAAQRRGRIGRNPAQEDDQYVFSGDPLKNDEDHAHWTEAKMLLDNIYTPEGIIPTLFGPEREKTQAIDGEFRLRGEQRKTFVELMRRGDLPVWLSYKVASAGISYKDREWCFTGERNNQILEENMEVEIWTREGEKKKLRPKWLDARVYADPMALKDFKEFASGRK
>2VBC_2|Chain B|PARTIAL POLYPROTEIN FOR NS2A AND NS2B, TYPE 4 PROTOTYPE DV4 H241|DENGUE VIRUS TYPE 4 (11070)
GSAMADLSLEKAANVQWDEMADGGGGSGGGG",C S V A A R G Y I,G Y I S T R V E M,"S W N T G F D W I	",A G N D I A N C L,Q S N S P I E D I,TKPGLFKTLTGEIGA,TKPGLFKTLTGEIGAVTL,KGKVIGLYGNGVVT,KKGKVIGLYGNGVVTKS,"PGLFKTLTGEIGAVTLD	",VAL,GLU,VAL,GLU,GLN,LDFKPGTSGSPIINK,RFPB-GPGPG-CSVAARGYIAAY-GYISTRVEM-AAYSWNTGFDWI-AAYAGNDIANCL-AAYQSNSPIEDI-GPGPG-TKPGLFKTLTGEIGA-GPGPG-TKPGLFKTLTGEIGAVTL-GPGPG-KGKVIGLYGNGVVT-GPGPG-KKGKVIGLYGNGVVTKS-GPGPG-PGLFKTLTGEIGAVTLD-KKVALKKGLUKKVALKKGLUKKGLNKK-LDFKPGTSGSPIINKRFPB
,,,,,,,,,,,,,,,,,
">2VBC_1|Chain A|DENGUE 4 NS3 FULL-LENGTH PROTEIN|DENGUE VIRUS TYPE 4 (11070)
SGALWDVPSPAATQKATLSEGVYRIMQRGLFGKTQVGVGIHMEGVFHTMWHVTRGSVICHETGRLEPSWADVRNDMISYGGGWRLGDKWDKEEDVQVLAIEPGKNPKHVQTKPGLFKTLTGEIGAVTLDFKPGTSGSPIINKKGKVIGLYGNGVVTKSGDYVSAITQAERIGEPDYEVDEDIFRKKRLTIMDLHPGAGKTKRILPSIVREALKRRLRTLILAPTRVVAAEMEEALRGLPIRYQTPAVKSDHTGREIVDLMCHATFTTRLLSSTRVPNYNLIVMDEAHFTDPCSVAARGYISTRVEMGEAAAIFMTATPPGSTDPFPQSNSPIEDIEREIPERSWNTGFDWITDYQGKTVWFVPSIKAGNDIANCLRKSGKRVIQLSRKTFDTEYPKTKLTDWDFVVTTDISEMGANFRAGRVIDPRRCLKPVILTDGPERVILAGPIPVTPASAAQRRGRIGRNPAQEDDQYVFSGDPLKNDEDHAHWTEAKMLLDNIYTPEGIIPTLFGPEREKTQAIDGEFRLRGEQRKTFVELMRRGDLPVWLSYKVASAGISYKDREWCFTGERNNQILEENMEVEIWTREGEKKKLRPKWLDARVYADPMALKDFKEFASGRK
>2VBC_2|Chain B|PARTIAL POLYPROTEIN FOR NS2A AND NS2B, TYPE 4 PROTOTYPE DV4 H241|DENGUE VIRUS TYPE 4 (11070)
GSAMADLSLEKAANVQWDEMADGGGGSGGGG",S A A Q R R G R I,W D F V V T T D I,"Q Y V F S G D P L	",T K L T D W D F V,"V V T T D I S E M	",GLFKTLTGEIGAVT,QTKPGLFKTLTGEIGAV,GLFKTLTGEIGAV,KKGKVIGLYGNGVVT,KPGLFKTLTGEIGAVTLD,PRO,GLY,GLU,GLU,LYS,TFDTEYPKTKL,RFPB-GPGPG-SAAQRRGRIAAY-WDFVVTTDI-AAYQYVFSGDPL-AAYTKLTDWDFV-AAYVVTTDISEM-GPGPG-GLFKTLTGEIGAVT-GPGPG-QTKPGLFKTLTGEIGAV-GPGPG-GLFKTLTGEIGAV-GPGPG-KKGKVIGLYGNGVVT-GPGPG-KPGLFKTLTGEIGAVTLD-KKPROGLYKKGLUKKGLUKKLYSKK-TFDTEYPKTKLRFPB
,,,,,,,,,,,,,,,,,
">2BMF_1|Chains A, B|RNA HELICASE|DENGUE VIRUS 2 (11060)
AMASIEDNPEIEDDIFRKKRLTIMDLHPGAGKTKRYLPAIVREAIKRGLRTLILAPTRVVAAEMEEALRGLPIRYQTPAIRAEHTGREIVDLMCHATFTMRLLSPIRVPNYNLIIMDEAHFTDPASIAARGYISTRVEMGEAAGIFMTATPPGSRDPFPQSNAPIMDEEREIPERSWNSGHEWVTDFKGKTVWFVPSIKAGNDIAACLRKNGKKVIQLSRKTFDSEYIKTRTNDWDFVVTTDISEMGANFKAERVIDPRRCMKPVILTDGEERVILAGPMPVTHSSAAQRRGRVGRNPKNENDQYIYMGEPLENDEDCAHWKEAKMLLDNINTPEGIIPSMFEPEREKVDAIDGEYRLRGEARKTFVDLMRRGDLPVWLAYRVAAEGINYADRRWCFDGVKNNQILEENVEVEIWTKEGERKKLKPRWLDARIYSDPLALKEFKEFAAGRK","A S I E D N P E I	","V A A E M E E A L	",D N P E I E D D I,"G A G K T K R Y L	",T G R E I V D L M,TFTMRLLSPIRVPN,TFTMRLLSPIRVPNY,"ATFTMRLLSPIRVPNY	",ATFTMRLLSPIRVPN,HATFTMRLLSPIRVPNY,GLY,PRO,ALA,ILE,ARG,IEDNPEIE,RFPB-GPGPG-ASIEDNPEIAAY-VAAEMEEAL-AAYDNPEIEDDI-AAYGAGKTKRYL-AAYTGREIVDLM-GPGPG-TFTMRLLSPIRVPN-GPGPG-TFTMRLLSPIRVPNY-GPGPG-ATFTMRLLSPIRVPNY-GPGPG-ATFTMRLLSPIRVPN-GPGPG-HATFTMRLLSPIRVPNY-KKGLYKKPROKKALAKKILEKKARGKK-IEDNPEIERFPB
,,,,,,,,,,,,,,,,,
">2BMF_1|Chains A, B|RNA HELICASE|DENGUE VIRUS 2 (11060)
AMASIEDNPEIEDDIFRKKRLTIMDLHPGAGKTKRYLPAIVREAIKRGLRTLILAPTRVVAAEMEEALRGLPIRYQTPAIRAEHTGREIVDLMCHATFTMRLLSPIRVPNYNLIIMDEAHFTDPASIAARGYISTRVEMGEAAGIFMTATPPGSRDPFPQSNAPIMDEEREIPERSWNSGHEWVTDFKGKTVWFVPSIKAGNDIAACLRKNGKKVIQLSRKTFDSEYIKTRTNDWDFVVTTDISEMGANFKAERVIDPRRCMKPVILTDGEERVILAGPMPVTHSSAAQRRGRVGRNPKNENDQYIYMGEPLENDEDCAHWKEAKMLLDNINTPEGIIPSMFEPEREKVDAIDGEYRLRGEARKTFVDLMRRGDLPVWLAYRVAAEGINYADRRWCFDGVKNNQILEENVEVEIWTKEGERKKLKPRWLDARIYSDPLALKEFKEFAAGRK",I R V P N Y N L I,F P Q S N A P I M,"V P N Y N L I I M	",A S I A A R G Y I,G Y I S T R V E M,TFTMRLLSPIRVPNYN,HATFTMRLLSPIRVPN,TFTMRLLSPIRVP,ATFTMRLLSPIRVPNYN,GKTVWFVPSIKAGND,ASN,ASN,ASN,ASP,GLU,RKTFDSEYIKTRTN,RFPB-GPGPG-IRVPNYNLIAAY-FPQSNAPIM-AAYVPNYNLIIM-AAYASIAARGYI-AAYGYISTRVEM-GPGPG-TFTMRLLSPIRVPNYN-GPGPG-HATFTMRLLSPIRVPN-GPGPG-TFTMRLLSPIRVP-GPGPG-ATFTMRLLSPIRVPNYN-GPGPG-GKTVWFVPSIKAGND-KKASNKKASNKKASNKKASPKKGLUKK-RKTFDSEYIKTRTNRFPB
,,,,,,,,,,,,,,,,,
">2BHR_1|Chains A, B|RNA HELICASE|DENGUE VIRUS 2 (11060)
AMASIEDNPEIEDDIFRKKRLTIMDLHPGAGKTKRYLPAIVREAIKRGLRTLILAPTRVVAAEMEEALRGLPIRYQTPAIRAEHTGREIVDLMCHATFTMRLLSPIRVPNYNLIIMDEAHFTDPASIAARGYISTRVEMGEAAGIFMTATPPGSRDPFPQSNAPIMDEEREIPERSWNSGHEWVTDFKGKTVWFVPSIKAGNDIAACLRKNGKKVIQLSRKTFDSEYIKTRTNDWDFVVTTDISEMGANFKAERVIDPRRCMKPVILTDGEERVILAGPMPVTHSSAAQRRGRVGRNPKNENDQYIYMGEPLENDEDCAHWKEAKMLLDNINTPEGIIPSMFEPEREKVDAIDGEYRLRGEARKTFVDLMRRGDLPVWLAYRVAAEGINYADRRWCFDGVKNNQILEENVEVEIWTKEGERKKLKPRWLDARIYSDPLALKEFKEFAAGRK",K T R T N D W D F,C L R K N G K K V,W D F V V T T D I,T D G E E R V I L,"K N G K K V I Q L	",FTMRLLSPIRVPN,FTMRLLSPIRVPNY,ATFTMRLLSPIRVP,CHATFTMRLLSPIRVPNY,KGKTVWFVPSIKAGND,ARG,LYS,ASN,GLU,PRO,AAQRRGRVGRNPK,RFPB-GPGPG-KTRTNDWDFAAY-CLRKNGKKV-AAYWDFVVTTDI-AAYTDGEERVIL-AAYKNGKKVIQL-GPGPG-FTMRLLSPIRVPN-GPGPG-FTMRLLSPIRVPNY-GPGPG-ATFTMRLLSPIRVP-GPGPG-CHATFTMRLLSPIRVPNY-GPGPG-KGKTVWFVPSIKAGND-KKARGKKLYSKKASNKKGLUKKPROKK-AAQRRGRVGRNPKRFPB
,,,,,,,,,,,,,,,,,
">2BHR_1|Chains A, B|RNA HELICASE|DENGUE VIRUS 2 (11060)
AMASIEDNPEIEDDIFRKKRLTIMDLHPGAGKTKRYLPAIVREAIKRGLRTLILAPTRVVAAEMEEALRGLPIRYQTPAIRAEHTGREIVDLMCHATFTMRLLSPIRVPNYNLIIMDEAHFTDPASIAARGYISTRVEMGEAAGIFMTATPPGSRDPFPQSNAPIMDEEREIPERSWNSGHEWVTDFKGKTVWFVPSIKAGNDIAACLRKNGKKVIQLSRKTFDSEYIKTRTNDWDFVVTTDISEMGANFKAERVIDPRRCMKPVILTDGEERVILAGPMPVTHSSAAQRRGRVGRNPKNENDQYIYMGEPLENDEDCAHWKEAKMLLDNINTPEGIIPSMFEPEREKVDAIDGEYRLRGEARKTFVDLMRRGDLPVWLAYRVAAEGINYADRRWCFDGVKNNQILEENVEVEIWTKEGERKKLKPRWLDARIYSDPLALKEFKEFAAGRK",D A I D G E Y R L,A Y R V A A E G I,"E P L E N D E D C	",E A K M L L D N I,M L L D N I N T P,CHATFTMRLLSPIRVPN,"HATFTMRLLSPIRVPNYN	",TFTMRLLSPIRVPNYNL,FKGKTVWFVPSIKAGND,ATFTMRLLSPIRVPNYNL,GLN,GLY,TYR,MET,SER,GEPLENDEDCAHWK,RFPB-GPGPG-DAIDGEYRLAAY-AYRVAAEGI-AAYEPLENDEDC-AAYEAKMLLDNI-AAYMLLDNINTP-GPGPG-CHATFTMRLLSPIRVPN-GPGPG-HATFTMRLLSPIRVPNYN-GPGPG-TFTMRLLSPIRVPNYNL-GPGPG-FKGKTVWFVPSIKAGND-GPGPG-ATFTMRLLSPIRVPNYNL-KKGLNKKGLYKKTYRKKMETKKSERKK-GEPLENDEDCAHWKRFPB
,,,,,,,,,,,,,,,,,
">3J42_1|Chains A, B, C|Envelope protein E|Dengue virus 2 (11060)
MRCIGISNRDFVEGVSSWVDIVLEHGSCVTTMAKNKPTLDFELIKTEAKPATLRKYCIEAKLTNTTTESRCPTQGEPSLNEEQDKRFVCKHSMVDRGWGNGCGLFGKGGIVTCAMFRCKKNMEGKVVQPENLEYTVVITPHSGEEHAVGNDTGKHGKEVKITPQSSITEAELTGYGTVTMECSPRTGLDEMVLLQMENKAWLVHRQWFLDLPLPWLPGADTQGSNWIQKETLVTFKNPHAKKQDVVVLGSQEGAMHTALTGATEIQMSSGNLLFTGHLKCRLRMDKLQLKGMSYSMCTGKFKVVKEIAETQHGTIVIRVQYEGDGSPCKIPFEIMDLEKRHVLGRLITVNPIVTEKDSPVNIEAEPPFGDSYIIIGVEPGQLKLDWFKKG
>3J42_2|Chains D, E, F|PrM|Dengue virus 2 (11060)
FHLTTRNGEPHMIVSRQEKGKSLLFKTEDGVNMCTLMAMDLGELCEDTITYKCPLLRQNEPEDIDCWCNSTSTWVTYGTCT
>3J42_3|Chains G, I, K|Ig heavy chain V region MOPC 21, Igh protein chimera|Mus musculus (10090)
DVQLVESGGGLVQPGGSRKLSCAASGFTFSSFGMHWVRQAPEKGLEWVAYISSGSSTLHYADTVKGRFTISRDNPKNTLFLQMTSLRSEDTAMYYCARWGNYPHYAMDYWGQGTSVTVSSAKTTAPSVYPLAPVCGDTTGSSVTLGCLVKGYFPEPVTLTWNSGSLSSGVHTFPAVLQSGLYTLSSSVTVTSSTWPSQTITCNVAHPASSTKVDKKIEPRV
>3J42_4|Chains H, J, L|Ig kappa chain V-V region MOPC 21, Anti-colorectal carcinoma light chain chimera|Mus musculus (10090)
NIVMTQSPKSMSMSVGERVTLTCKASENVGTYVSWYQQKPEQSPKLLIYGASNRYTGVPDRFTGSGSATDFTLTISSVQAEDLADYHCGQSYSTPYTFGGGTKLEIKRADAAPTVSIFPPSSEQLTSGGASVVCFLNNFYPKDINVKWKIDGSERQNGVLNSWTDQDSKDSTYSMSSTLTLTKDEYERHNSYTCEATHKTSTSPIVKSFNRN", E D G V N M C T L, D G V N M C T L M,L M A M D L G E L,S R Q E K G K S L,L G E L C E D T I,NTLFLQMTSLRSEDT,NTLFLQMTSLRSED,KNTLFLQMTSLRSED,KNTLFLQMTSLRSEDT,"KQDVVVLGSQEGAMH	",LYS,THR,GLN,GLY,ASN,GEEHAVGNDTGKHG,RFPB-GPGPG-EDGVNMCTLAAY-DGVNMCTLM-AAYLMAMDLGEL-AAYSRQEKGKSL-AAYLGELCEDTI-GPGPG-NTLFLQMTSLRSEDT-GPGPG-NTLFLQMTSLRSED-GPGPG-KNTLFLQMTSLRSED-GPGPG-KNTLFLQMTSLRSEDT-GPGPG-KQDVVVLGSQEGAMH-KKLYSKKTHRKKGLNKKGLYKKASNKK-GEEHAVGNDTGKHGRFPB
,,,,,,,,,,,,,,,,,
">3J42_1|Chains A, B, C|Envelope protein E|Dengue virus 2 (11060)
MRCIGISNRDFVEGVSSWVDIVLEHGSCVTTMAKNKPTLDFELIKTEAKPATLRKYCIEAKLTNTTTESRCPTQGEPSLNEEQDKRFVCKHSMVDRGWGNGCGLFGKGGIVTCAMFRCKKNMEGKVVQPENLEYTVVITPHSGEEHAVGNDTGKHGKEVKITPQSSITEAELTGYGTVTMECSPRTGLDEMVLLQMENKAWLVHRQWFLDLPLPWLPGADTQGSNWIQKETLVTFKNPHAKKQDVVVLGSQEGAMHTALTGATEIQMSSGNLLFTGHLKCRLRMDKLQLKGMSYSMCTGKFKVVKEIAETQHGTIVIRVQYEGDGSPCKIPFEIMDLEKRHVLGRLITVNPIVTEKDSPVNIEAEPPFGDSYIIIGVEPGQLKLDWFKKG
>3J42_2|Chains D, E, F|PrM|Dengue virus 2 (11060)
FHLTTRNGEPHMIVSRQEKGKSLLFKTEDGVNMCTLMAMDLGELCEDTITYKCPLLRQNEPEDIDCWCNSTSTWVTYGTCT
>3J42_3|Chains G, I, K|Ig heavy chain V region MOPC 21, Igh protein chimera|Mus musculus (10090)
DVQLVESGGGLVQPGGSRKLSCAASGFTFSSFGMHWVRQAPEKGLEWVAYISSGSSTLHYADTVKGRFTISRDNPKNTLFLQMTSLRSEDTAMYYCARWGNYPHYAMDYWGQGTSVTVSSAKTTAPSVYPLAPVCGDTTGSSVTLGCLVKGYFPEPVTLTWNSGSLSSGVHTFPAVLQSGLYTLSSSVTVTSSTWPSQTITCNVAHPASSTKVDKKIEPRV
>3J42_4|Chains H, J, L|Ig kappa chain V-V region MOPC 21, Anti-colorectal carcinoma light chain chimera|Mus musculus (10090)
NIVMTQSPKSMSMSVGERVTLTCKASENVGTYVSWYQQKPEQSPKLLIYGASNRYTGVPDRFTGSGSATDFTLTISSVQAEDLADYHCGQSYSTPYTFGGGTKLEIKRADAAPTVSIFPPSSEQLTSGGASVVCFLNNFYPKDINVKWKIDGSERQNGVLNSWTDQDSKDSTYSMSSTLTLTKDEYERHNSYTCEATHKTSTSPIVKSFNRN",D N P K N T L F L,K G L E W V A Y I,"A S G F T F S S F	",V Q P G G S R K L,S T L H Y A D T V,GDSYIIIGVEPGQLK,HNSYTCEATHKTSTS,NLEYTVVITPHSGEE,NTLFLQMTSLRSEDTA,PKNTLFLQMTSLRSEDT,LYS,ASP,GLN,HIS,GLU,TGKFKVVKEIAETQH,RFPB-GPGPG-DNPKNTLFLAAY-KGLEWVAYI-AAYASGFTFSSF-AAYVQPGGSRKL-AAYSTLHYADTV-GPGPG-GDSYIIIGVEPGQLK-GPGPG-HNSYTCEATHKTSTS-GPGPG-NLEYTVVITPHSGEE-GPGPG-NTLFLQMTSLRSEDTA-GPGPG-PKNTLFLQMTSLRSEDT-KKLYSKKASPKKGLNKKHISKKGLUKK-TGKFKVVKEIAETQHRFPB
,,,,,,,,,,,,,,,,,
">3J42_1|Chains A, B, C|Envelope protein E|Dengue virus 2 (11060)
MRCIGISNRDFVEGVSSWVDIVLEHGSCVTTMAKNKPTLDFELIKTEAKPATLRKYCIEAKLTNTTTESRCPTQGEPSLNEEQDKRFVCKHSMVDRGWGNGCGLFGKGGIVTCAMFRCKKNMEGKVVQPENLEYTVVITPHSGEEHAVGNDTGKHGKEVKITPQSSITEAELTGYGTVTMECSPRTGLDEMVLLQMENKAWLVHRQWFLDLPLPWLPGADTQGSNWIQKETLVTFKNPHAKKQDVVVLGSQEGAMHTALTGATEIQMSSGNLLFTGHLKCRLRMDKLQLKGMSYSMCTGKFKVVKEIAETQHGTIVIRVQYEGDGSPCKIPFEIMDLEKRHVLGRLITVNPIVTEKDSPVNIEAEPPFGDSYIIIGVEPGQLKLDWFKKG
>3J42_2|Chains D, E, F|PrM|Dengue virus 2 (11060)
FHLTTRNGEPHMIVSRQEKGKSLLFKTEDGVNMCTLMAMDLGELCEDTITYKCPLLRQNEPEDIDCWCNSTSTWVTYGTCT
>3J42_3|Chains G, I, K|Ig heavy chain V region MOPC 21, Igh protein chimera|Mus musculus (10090)
DVQLVESGGGLVQPGGSRKLSCAASGFTFSSFGMHWVRQAPEKGLEWVAYISSGSSTLHYADTVKGRFTISRDNPKNTLFLQMTSLRSEDTAMYYCARWGNYPHYAMDYWGQGTSVTVSSAKTTAPSVYPLAPVCGDTTGSSVTLGCLVKGYFPEPVTLTWNSGSLSSGVHTFPAVLQSGLYTLSSSVTVTSSTWPSQTITCNVAHPASSTKVDKKIEPRV
>3J42_4|Chains H, J, L|Ig kappa chain V-V region MOPC 21, Anti-colorectal carcinoma light chain chimera|Mus musculus (10090)
NIVMTQSPKSMSMSVGERVTLTCKASENVGTYVSWYQQKPEQSPKLLIYGASNRYTGVPDRFTGSGSATDFTLTISSVQAEDLADYHCGQSYSTPYTFGGGTKLEIKRADAAPTVSIFPPSSEQLTSGGASVVCFLNNFYPKDINVKWKIDGSERQNGVLNSWTDQDSKDSTYSMSSTLTLTKDEYERHNSYTCEATHKTSTSPIVKSFNRN", T L T W N S G S L,G S S V T L G C L,"V L Q S G L Y T L	","S S T W P S Q T I	","F P A V L Q S G L	",PKNTLFLQMTSLRSED,KKQDVVVLGSQEGAMH,FGDSYIIIGVEPGQLK,RHNSYTCEATHKTSTS,ENLEYTVVITPHSGEE,ASP,SER,GLU,LYS,LYS,SSTLHYADT,RFPB-GPGPG-TLTWNSGSLAAY-GSSVTLGCL-AAYVLQSGLYTL-AAYSSTWPSQTI-AAYFPAVLQSGL-GPGPG-PKNTLFLQMTSLRSED-GPGPG-KKQDVVVLGSQEGAMH-GPGPG-FGDSYIIIGVEPGQLK-GPGPG-RHNSYTCEATHKTSTS-GPGPG-ENLEYTVVITPHSGEE-KKASPKKSERKKGLUKKLYSKKLYSKK-SSTLHYADTRFPB
,,,,,,,,,,,,,,,,,
">3J42_1|Chains A, B, C|Envelope protein E|Dengue virus 2 (11060)
MRCIGISNRDFVEGVSSWVDIVLEHGSCVTTMAKNKPTLDFELIKTEAKPATLRKYCIEAKLTNTTTESRCPTQGEPSLNEEQDKRFVCKHSMVDRGWGNGCGLFGKGGIVTCAMFRCKKNMEGKVVQPENLEYTVVITPHSGEEHAVGNDTGKHGKEVKITPQSSITEAELTGYGTVTMECSPRTGLDEMVLLQMENKAWLVHRQWFLDLPLPWLPGADTQGSNWIQKETLVTFKNPHAKKQDVVVLGSQEGAMHTALTGATEIQMSSGNLLFTGHLKCRLRMDKLQLKGMSYSMCTGKFKVVKEIAETQHGTIVIRVQYEGDGSPCKIPFEIMDLEKRHVLGRLITVNPIVTEKDSPVNIEAEPPFGDSYIIIGVEPGQLKLDWFKKG
>3J42_2|Chains D, E, F|PrM|Dengue virus 2 (11060)
FHLTTRNGEPHMIVSRQEKGKSLLFKTEDGVNMCTLMAMDLGELCEDTITYKCPLLRQNEPEDIDCWCNSTSTWVTYGTCT
>3J42_3|Chains G, I, K|Ig heavy chain V region MOPC 21, Igh protein chimera|Mus musculus (10090)
DVQLVESGGGLVQPGGSRKLSCAASGFTFSSFGMHWVRQAPEKGLEWVAYISSGSSTLHYADTVKGRFTISRDNPKNTLFLQMTSLRSEDTAMYYCARWGNYPHYAMDYWGQGTSVTVSSAKTTAPSVYPLAPVCGDTTGSSVTLGCLVKGYFPEPVTLTWNSGSLSSGVHTFPAVLQSGLYTLSSSVTVTSSTWPSQTITCNVAHPASSTKVDKKIEPRV
>3J42_4|Chains H, J, L|Ig kappa chain V-V region MOPC 21, Anti-colorectal carcinoma light chain chimera|Mus musculus (10090)
NIVMTQSPKSMSMSVGERVTLTCKASENVGTYVSWYQQKPEQSPKLLIYGASNRYTGVPDRFTGSGSATDFTLTISSVQAEDLADYHCGQSYSTPYTFGGGTKLEIKRADAAPTVSIFPPSSEQLTSGGASVVCFLNNFYPKDINVKWKIDGSERQNGVLNSWTDQDSKDSTYSMSSTLTLTKDEYERHNSYTCEATHKTSTSPIVKSFNRN",K A S E N V G T Y,M S V G E R V T L,"S A T D F T L T I	","I S S V Q A E D L	",S G S A T D F T L,KNTLFLQMTSLRSEDTA,HNSYTCEATHKTST,KKQDVVVLGSQEGAM,RHNSYTCEATHKTST,KQDVVVLGSQEGAM,GLY,LYS,GLY,THR,ASP,SERQNGVLNSWTDQDSKD,RFPB-GPGPG-KASENVGTYAAY-MSVGERVTL-AAYSATDFTLTI-AAYISSVQAEDL-AAYSGSATDFTL-GPGPG-KNTLFLQMTSLRSEDTA-GPGPG-HNSYTCEATHKTST-GPGPG-KKQDVVVLGSQEGAM-GPGPG-RHNSYTCEATHKTST-GPGPG-KQDVVVLGSQEGAM-KKGLYKKLYSKKGLYKKTHRKKASPKK-SERQNGVLNSWTDQDSKDRFPB
,,,,,,,,,,,,,,,,,
">3J42_1|Chains A, B, C|Envelope protein E|Dengue virus 2 (11060)
MRCIGISNRDFVEGVSSWVDIVLEHGSCVTTMAKNKPTLDFELIKTEAKPATLRKYCIEAKLTNTTTESRCPTQGEPSLNEEQDKRFVCKHSMVDRGWGNGCGLFGKGGIVTCAMFRCKKNMEGKVVQPENLEYTVVITPHSGEEHAVGNDTGKHGKEVKITPQSSITEAELTGYGTVTMECSPRTGLDEMVLLQMENKAWLVHRQWFLDLPLPWLPGADTQGSNWIQKETLVTFKNPHAKKQDVVVLGSQEGAMHTALTGATEIQMSSGNLLFTGHLKCRLRMDKLQLKGMSYSMCTGKFKVVKEIAETQHGTIVIRVQYEGDGSPCKIPFEIMDLEKRHVLGRLITVNPIVTEKDSPVNIEAEPPFGDSYIIIGVEPGQLKLDWFKKG
>3J42_2|Chains D, E, F|PrM|Dengue virus 2 (11060)
FHLTTRNGEPHMIVSRQEKGKSLLFKTEDGVNMCTLMAMDLGELCEDTITYKCPLLRQNEPEDIDCWCNSTSTWVTYGTCT
>3J42_3|Chains G, I, K|Ig heavy chain V region MOPC 21, Igh protein chimera|Mus musculus (10090)
DVQLVESGGGLVQPGGSRKLSCAASGFTFSSFGMHWVRQAPEKGLEWVAYISSGSSTLHYADTVKGRFTISRDNPKNTLFLQMTSLRSEDTAMYYCARWGNYPHYAMDYWGQGTSVTVSSAKTTAPSVYPLAPVCGDTTGSSVTLGCLVKGYFPEPVTLTWNSGSLSSGVHTFPAVLQSGLYTLSSSVTVTSSTWPSQTITCNVAHPASSTKVDKKIEPRV
>3J42_4|Chains H, J, L|Ig kappa chain V-V region MOPC 21, Anti-colorectal carcinoma light chain chimera|Mus musculus (10090)
NIVMTQSPKSMSMSVGERVTLTCKASENVGTYVSWYQQKPEQSPKLLIYGASNRYTGVPDRFTGSGSATDFTLTISSVQAEDLADYHCGQSYSTPYTFGGGTKLEIKRADAAPTVSIFPPSSEQLTSGGASVVCFLNNFYPKDINVKWKIDGSERQNGVLNSWTDQDSKDSTYSMSSTLTLTKDEYERHNSYTCEATHKTSTSPIVKSFNRN",T M A K N K P T L,"I G I S N R D F V	",A K L T N T T T E,"N K P T L D F E L	","E G V S S W V D I	",NLEYTVVITPHSGE,NTLFLQMTSLRSE,KQDVVVLGSQEGAMHT,AKKQDVVVLGSQEGAMH,TLFLQMTSLRSEDT,PHE,GLY,HIS,PHE,ASP,TSTSPIVKS,RFPB-GPGPG-TMAKNKPTLAAY-IGISNRDFV-AAYAKLTNTTTE-AAYNKPTLDFEL-AAYEGVSSWVDI-GPGPG-NLEYTVVITPHSGE-GPGPG-NTLFLQMTSLRSE-GPGPG-KQDVVVLGSQEGAMHT-GPGPG-AKKQDVVVLGSQEGAMH-GPGPG-TLFLQMTSLRSEDT-KKPHEKKGLYKKHISKKPHEKKASPKK-TSTSPIVKSRFPB
,,,,,,,,,,,,,,,,,
">1R6R_1|Chains A, B|Genome polyprotein|Dengue virus 2 Puerto Rico/PR159-S1/1969 (11066)
MNDQRKKARNTPFNMLKRERNRVSTVQQLTKRFSLGMLQGRGPLKLFMALVAFLRFLTIPPTAGILKRWGTIKKSKAINVLRGFRKEIGRMLNILNRRRR",M A L V A F L R F,A L V A F L R F L,V A F L R F L T I,"K A I N V L R G F	",Q Q L T K R F S L,LRGFRKEIGRMLNI,LRGFRKEIGRMLN,RGFRKEIGRMLNI,VLRGFRKEIGRMLNI,VLRGFRKEIGRMLN,ARG,ARG,ASN,ARG,ARG,IPPTAGILKRWGTIKKSKAI,"RFPB-GPGPG-MALVAFLRFAAY-ALVAFLRFL-AAYVAFLRFLTI-AAYKAINVLRGF-AAYQQLTKRFSL-GPGPG-LRGFRKEIGRMLNI-GPGPG-LRGFRKEIGRMLN-GPGPG-RGFRKEIGRMLNI-GPGPG-VLRGFRKEIGRMLNI-GPGPG-	VLRGFRKEIGRMLN-KKARGKKARGKKASNKKARGKKARGKK-IPPTAGILKRWGTIKKSKAIRFPB"
